5937,Al Ain International Airport,United Arab Emirates,AAN,24.26169968,55.60919952,869,U,Asia/Dubai
6946,Altay Air Base,China,AAT,47.74988556,88.0858078,2460,U,Asia/Shanghai
3979,Al Ghaidah International Airport,Yemen,AAY,16.19169998,52.17499924,134,U,Asia/Aden
2955,Abakan Airport,Russia,ABA,53.74000168,91.38500214,831,N,Asia/Krasnoyarsk
2097,Abadan Airport,Iran,ABD,30.37109947,48.22829819,10,E,Asia/Tehran
2061,Al Baha Airport,Saudi Arabia,ABT,20.29610062,41.63430023,5486,U,Asia/Riyadh
3025,Anuradhapura Air Force Base,Sri Lanka,ACJ,8.30148983,80.42790222,324,U,Asia/Colombo
6746,Sahand Airport,Iran,ACP,37.34799957,46.12789917,4396,E,Asia/Tehran
7506,Xingyi Airport,China,ACX,25.08638889,104.9594444,4150,U,Asia/Shanghai
2165,Zabol Airport,Iran,ACZ,31.09830093,61.54389954,1628,E,Asia/Tehran
3977,Aden International Airport,Yemen,ADE,12.8295002,45.02880096,7,U,Asia/Aden
9377,Aldan Airport,Russia,ADH,58.60279846,125.4089966,2241,N,Asia/Yakutsk
2171,Amman-Marka International Airport,Jordan,ADJ,31.97270012,35.99160004,2555,E,Asia/Amman
3028,Ampara Airport,Sri Lanka,ADP,7.33776,81.62594,150,U,Asia/Colombo
5935,Ardabil Airport,Iran,ADU,38.32569885,48.42440033,4315,E,Asia/Tehran
8082,Baise Youjiang Airport,China,AEB,23.72060013,106.9599991,490,N,Asia/Shanghai
3277,Aek Godang Airport,Indonesia,AEG,1.4001,99.430496,922,N,Asia/Jakarta
2105,Abu Musa Island Airport,Iran,AEU,25.8757,55.033001,23,E,Asia/Tehran
6754,Sugraly Airport,Uzbekistan,AFS,41.61389923,64.23320007,1396,U,Asia/Samarkand
5931,Sabzevar National Airport,Iran,AFZ,36.16809845,57.59519958,3010,E,Asia/Tehran
7552,Aguni Airport,Japan,AGJ,26.59250069,127.2409973,38,U,Asia/Tokyo
3079,Agra Airport,India,AGR,27.15579987,77.96089935,551,N,Asia/Calcutta
3130,Agatti Airport,India,AGX,10.82369995,72.1760025,14,N,Asia/Calcutta
2059,Abha Regional Airport,Saudi Arabia,AHB,18.24040031,42.65660095,6858,U,Asia/Riyadh
5925,Al-Jawf Domestic Airport,Saudi Arabia,AJF,29.78510094,40.09999847,2261,U,Asia/Riyadh
2125,Arak Airport,Iran,AJK,34.13809967,49.84730148,5440,E,Asia/Tehran
3039,Lengpui Airport,India,AJL,23.84059906,92.61969757,1398,N,Asia/Calcutta
6362,Ankang Wulipu Airport,China,AKA,32.708099,108.931,860,U,Asia/Shanghai
2995,Akola Airport,India,AKD,20.698999,77.058601,999,N,Asia/Calcutta
7037,Prince Sultan Air Base,Saudi Arabia,AKH,24.06270027,47.58050156,1651,N,Asia/Riyadh
2299,Asahikawa Airport,Japan,AKJ,43.67079926,142.4470062,721,U,Asia/Tokyo
6404,Aksu Airport,China,AKU,41.262501,80.291702,3816,U,Asia/Shanghai
2099,Aghajari Airport,Iran,AKW,30.7444,49.6772,88,E,Asia/Tehran
2920,Aktobe Airport,Kazakhstan,AKX,50.2458,57.206699,738,U,Asia/Oral
3235,Sittwe Airport,Burma,AKY,20.13269997,92.87259674,27,U,Asia/Rangoon
2908,Almaty Airport,Kazakhstan,ALA,43.35210037,77.04049683,2234,U,Asia/Qyzylorda
2235,Aleppo International Airport,Syria,ALP,36.18069839,37.22439957,1276,E,Asia/Damascus
2994,Sardar Vallabhbhai Patel International Airport,India,AMD,23.07719994,72.63469696,189,N,Asia/Calcutta
3923,Selaparang Airport,Indonesia,AMI,-8.560709953,116.0950012,52,N,Asia/Makassar
2170,Queen Alia International Airport,Jordan,AMM,31.72260094,35.99319839,2395,E,Asia/Amman
3256,"Pattimura Airport, Ambon",Indonesia,AMQ,-3.710259914,128.0890045,33,N,Asia/Jayapura
9844,Anshan Air Base,China,AOG,41.105301,122.853996,0,N,Asia/Shanghai
2340,Aomori Airport,Japan,AOJ,40.73469925,140.6909943,664,U,Asia/Tokyo
3296,Sultan Abdul Halim Airport,Malaysia,AOR,6.189670086,100.3980026,15,N,Asia/Kuala_Lumpur
6427,Anqing Tianzhushan Airport,China,AQG,30.582199,117.050003,0,N,Asia/Shanghai
2076,Al Qaisumah/Hafr Al Batin Airport,Saudi Arabia,AQI,28.335199,46.125099,1174,U,Asia/Riyadh
2172,Aqaba King Hussein International Airport,Jordan,AQJ,29.61160088,35.01810074,175,E,Asia/Amman
6213,Mali Airport,Indonesia,ARD,-8.132340431,124.5970001,10,N,Asia/Makassar
2976,Ashgabat International Airport,Turkmenistan,ASB,37.986801,58.361,692,U,Asia/Ashgabat
2316,Amami Airport,Japan,ASJ,28.43059921,129.7129974,27,U,Asia/Tokyo
3081,Sri Guru Ram Dass Jee International Airport,India,ATQ,31.70960045,74.79730225,756,N,Asia/Calcutta
2179,Abu Dhabi International Airport,United Arab Emirates,AUH,24.43300056,54.65110016,88,U,Asia/Dubai
9849,Anshun Huangguoshu Airport,China,AVA,26.26055556,105.8733333,4812,N,Asia/Shanghai
6369,Arvaikheer Airport,Mongolia,AVK,46.25030136,102.802002,5932,U,Asia/Ulaanbaatar
2104,Ahwaz Airport,Iran,AWZ,31.33740044,48.76200104,66,E,Asia/Tehran
7550,Amakusa Airport,Japan,AXJ,32.482498,130.158997,340,U,Asia/Tokyo
3978,Ataq Airport,Yemen,AXK,14.55130005,46.82619858,3735,U,Asia/Aden
2345,Akita Airport,Japan,AXT,39.61560059,140.2189941,313,U,Asia/Tokyo
7131,Arkalyk North Airport,Kazakhstan,AYK,50.3185997,66.95279694,1266,U,Asia/Qyzylorda
2164,Shahid Sadooghi Airport,Iran,AZD,31.9048996,54.2765007,4054,E,Asia/Tehran
2180,Bateen Airport,United Arab Emirates,AZI,24.42830086,54.45809937,16,U,Asia/Dubai
6148,Andizhan Airport,Uzbekistan,AZN,40.72769928,72.29399872,1515,U,Asia/Samarkand
2405,Loakan Airport,Philippines,BAG,16.37509918,120.6200027,4251,N,Asia/Manila
2057,Bahrain International Airport,Bahrain,BAH,26.27079964,50.63359833,6,U,Asia/Bahrain
6346,Baotou Airport,China,BAV,40.56000137,109.9970016,3321,U,Asia/Shanghai
2956,Barnaul Airport,Russia,BAX,53.36380005,83.53849792,837,N,Asia/Krasnoyarsk
3042,Biju Patnaik Airport,India,BBI,20.24440002,85.81780243,138,N,Asia/Calcutta
6171,Battambang Airport,Cambodia,BBM,13.09560013,103.223999,59,U,Asia/Phnom_Penh
6220,Bario Airport,Malaysia,BBN,3.733890057,115.4789963,3350,N,Asia/Kuala_Lumpur
2423,Bacolod-Silay Airport,Philippines,BCD,10.7764,123.014999,82,N,Asia/Manila
3311,Cakung Airport,East Timor,BCH,-8.489029884,126.401001,1771,U,Asia/Dili
2110,Bandar Lengeh Airport,Iran,BDH,26.53199959,54.82479858,67,E,Asia/Tehran
3908,Syamsudin Noor Airport,Indonesia,BDJ,-3.442359924,114.7630005,66,N,Asia/Makassar
2230,Talhar Airport,Pakistan,BDN,24.84149933,68.83840179,28,N,Asia/Karachi
3896,Husein Sastranegara International Airport,Indonesia,BDO,-6.900629997,107.5759964,2436,N,Asia/Jakarta
6180,Bhadrapur Airport,Nepal,BDP,26.57080078,88.07959747,300,N,Asia/Katmandu
3001,Vadodara Airport,India,BDQ,22.336201,73.226303,129,N,Asia/Calcutta
6209,Kalimarau Airport,Indonesia,BEJ,2.1555,117.431999,59,N,Asia/Makassar
3088,Bareilly Air Force Station,India,BEK,28.42210007,79.45079803,580,N,Asia/Calcutta
3132,Bellary Airport,India,BEP,15.16279984,76.88279724,30,N,Asia/Calcutta
2177,Beirut Rafic Hariri International Airport,Lebanon,BEY,33.82089996,35.48839951,87,E,Asia/Beirut
9025,Bijie Feixiong Airport,China,BFJ,27.267066,105.472097,4751,N,Asia/Shanghai
4133,Buri Ram Airport,Thailand,BFV,15.22949982,103.2529984,590,U,Asia/Bangkok
4130,Baghdad International Airport,Iraq,BGW,33.26250076,44.23460007,114,U,Asia/Baghdad
2062,Bisha Airport,Saudi Arabia,BHH,19.9843998,42.6208992,3887,U,Asia/Riyadh
2999,Bhuj Airport,India,BHJ,23.28779984,69.67019653,268,N,Asia/Calcutta
2980,Bukhara Airport,Uzbekistan,BHK,39.77500153,64.48329926,751,U,Asia/Samarkand
3982,Beihan Airport,Yemen,BHN,14.78199959,45.7201004,3800,U,Asia/Aden
3002,Raja Bhoj International Airport,India,BHO,23.28750038,77.33740234,1711,N,Asia/Calcutta
4171,Bhojpur Airport,Nepal,BHP,27.1473999,87.05079651,4000,N,Asia/Katmandu
6179,Bharatpur Airport,Nepal,BHR,27.678101,84.429398,600,N,Asia/Katmandu
3003,Bhavnagar Airport,India,BHU,21.75219917,72.18520355,44,N,Asia/Calcutta
5939,Bahawalpur Airport,Pakistan,BHV,29.34810066,71.71800232,392,N,Asia/Karachi
2197,Bhagatanwala Airport,Pakistan,BHW,32.05609894,72.9484024,600,N,Asia/Karachi
6351,Beihai Airport,China,BHY,21.5394,109.293999,0,U,Asia/Shanghai
3241,Frans Kaisiepo Airport,Indonesia,BIK,-1.190019965,136.1080017,46,N,Asia/Jayapura
8825,Bamiyan Airport,Afghanistan,BIN,34.81700134,67.81700134,8367,N,Asia/Kabul
3129,Biratnagar Airport,Nepal,BIR,26.48150063,87.26399994,236,N,Asia/Katmandu
5930,Bojnord Airport,Iran,BJB,37.49300003,57.30820084,3499,E,Asia/Tehran
4187,Bajhang Airport,Nepal,BJH,29.53899956,81.18540192,4100,N,Asia/Katmandu
9132,Bajura Airport,Nepal,BJU,29.50200081,81.66899872,4300,N,Asia/Katmandu
3082,Nal Airport,India,BKB,28.07060051,73.2071991,750,N,Asia/Calcutta
3269,Kota Kinabalu International Airport,Malaysia,BKI,5.937210083,116.0510025,10,N,Asia/Kuala_Lumpur
3885,Suvarnabhumi Airport,Thailand,BKK,13.68109989,100.7470016,5,U,Asia/Bangkok
6218,Bakalalan Airport,Malaysia,BKM,3.973999977,115.6179962,2900,N,Asia/Kuala_Lumpur
3288,Fatmawati Soekarno Airport,Indonesia,BKS,-3.8637,102.338997,50,N,Asia/Jakarta
6214,Belaga Airport,Malaysia,BLG,2.650000095,113.7669983,200,N,Asia/Kuala_Lumpur
3131,Kempegowda International Airport,India,BLR,13.1979,77.706299,3000,N,Asia/Calcutta
6196,Banmaw Airport,Burma,BMO,24.2689991,97.24620056,370,U,Asia/Rangoon
3924,Muhammad Salahuddin Airport,Indonesia,BMU,-8.539649963,118.6869965,3,N,Asia/Makassar
6187,Buon Ma Thuot Airport,Vietnam,BMV,12.66829968,108.1200027,1729,U,Asia/Saigon
2134,Bandar Abbas International Airport,Iran,BND,27.21829987,56.37779999,22,E,Asia/Tehran
5938,Bannu Airport,Pakistan,BNP,32.9729,70.527901,1325,N,Asia/Karachi
2997,Chhatrapati Shivaji International Airport,India,BOM,19.08869934,72.86789703,39,N,Asia/Calcutta
4272,Qinhuangdao Beidaihe Airport,Burma,BPE,39.666389,119.058889,46,U,Asia/Shanghai
3141,Begumpet Airport,India,BPM,17.4531002,78.46759796,1742,N,Asia/Calcutta
3919,Sultan Aji Muhamad Sulaiman Airport,Indonesia,BPN,-1.268270016,116.8939972,12,N,Asia/Makassar
6396,Qamdo Bangda Airport,China,BPX,30.55360031,97.10829926,14219,U,Asia/Shanghai
2415,Dr.Juan C. Angara Airport,Philippines,BQA,15.729309,121.500034,108,N,Asia/Manila
7357,Batagay Airport,Russia,BQJ,67.64800262,134.6950073,696,N,Asia/Vladivostok
2926,Ignatyevo Airport,Russia,BQS,50.42539978,127.4120026,638,N,Asia/Yakutsk
7505,Baoshan Yunduan Airport,China,BSD,25.053301,99.168297,5453,U,Asia/Shanghai
2234,Basrah International Airport,Iraq,BSR,30.54910088,47.66210175,11,U,Asia/Baghdad
8773,Bost Airport,Afghanistan,BST,31.55970001,64.36499786,2464,U,Asia/Kabul
6201,Pathein Airport,Burma,BSX,16.815201,94.7799,20,U,Asia/Rangoon
3026,Batticaloa Airport,Sri Lanka,BTC,7.70576,81.678802,20,U,Asia/Colombo
3903,Hang Nadim International Airport,Indonesia,BTH,1.121029973,104.1190033,126,N,Asia/Jakarta
3294,Sultan Iskandar Muda International Airport,Indonesia,BTJ,5.522872024,95.42063713,65,N,Asia/Jakarta
2936,Bratsk Airport,Russia,BTK,56.37060165,101.697998,1610,N,Asia/Irkutsk
3262,Bintulu Airport,Malaysia,BTU,3.123850107,113.0199966,74,N,Asia/Kuala_Lumpur
3909,Batu Licin Airport,Indonesia,BTW,-3.412410021,115.9950027,3,N,Asia/Makassar
6205,Bokondini Airport,Indonesia,BUI,-3.6822,138.6755,4550,N,Asia/Jayapura
3086,Bhatinda Air Force Station,India,BUP,30.27009964,74.75579834,662,N,Asia/Calcutta
3971,Batumi International Airport,Georgia,BUS,41.61029816,41.59970093,105,N,Asia/Tbilisi
2106,Bushehr Airport,Iran,BUZ,28.94479942,50.83459854,68,E,Asia/Tehran
3122,Gautam Buddha Airport,Nepal,BWA,27.505685,83.416293,358,N,Asia/Katmandu
3297,Butterworth Airport,Malaysia,BWH,5.465919971,100.3909988,11,N,Asia/Kuala_Lumpur
3272,Brunei International Airport,Brunei,BWN,4.944200039,114.9280014,73,U,Asia/Brunei
3259,Babo Airport,Indonesia,BXB,-2.532239914,133.4389954,10,N,Asia/Jayapura
2909,Balkhash Airport,Kazakhstan,BXH,46.8932991,75.00499725,1446,U,Asia/Qyzylorda
5928,Bam Airport,Iran,BXR,29.08419991,58.45000076,3231,E,Asia/Tehran
4200,Bancasi Airport,Philippines,BXU,8.9515,125.4788,141,N,Asia/Manila
8192,Krainiy Airport,Kazakhstan,BXY,45.621994,63.210773,317,U,Asia/Qyzylorda
6371,Bayankhongor Airport,Mongolia,BYN,46.16329956,100.7040024,6085,U,Asia/Ulaanbaatar
6176,Barisal Airport,Bangladesh,BZL,22.8010006,90.30120087,23,U,Asia/Dhaka
4156,Cà Mau Airport,Vietnam,CAH,9.177667,105.177778,6,U,Asia/Saigon
3370,Guangzhou Baiyun International Airport,China,CAN,23.39240074,113.2990036,50,U,Asia/Shanghai
3139,Car Nicobar Air Force Station,India,CBD,9.152509689,92.81960297,5,N,Asia/Calcutta
3897,Penggung Airport,Indonesia,CBN,-6.756140232,108.5400009,89,N,Asia/Jakarta
2399,Awang Airport,Philippines,CBO,7.165239811,124.2099991,189,N,Asia/Manila
3137,Calicut International Airport,India,CCJ,11.13679981,75.95529938,342,N,Asia/Calcutta
7501,Chakcharan Airport,Afghanistan,CCN,34.53300095,65.26699829,7383,U,Asia/Kabul
3043,Netaji Subhash Chandra Bose International Airport,India,CCU,22.65469933,88.44670105,16,N,Asia/Calcutta
3138,Kadapa Airport,India,CDP,14.51,78.772778,430,N,Asia/Calcutta
4206,Mactan Cebu International Airport,Philippines,CEB,10.30749989,123.9789963,31,N,Asia/Manila
3932,Chiang Rai International Airport,Thailand,CEI,19.95229912,99.88289642,1280,U,Asia/Bangkok
2968,Chelyabinsk Balandino Airport,Russia,CEK,55.305801,61.5033,769,N,Asia/Yekaterinburg
6352,Changde Airport,China,CGD,28.91889954,111.6399994,128,U,Asia/Shanghai
3275,Soekarno-Hatta International Airport,Indonesia,CGK,-6.12556982,106.6559982,34,N,Asia/Jakarta
6012,Camiguin Airport,Philippines,CGM,9.253520012,124.7070007,53,N,Asia/Manila
3375,Zhengzhou Xinzheng International Airport,China,CGO,34.5196991,113.8410034,495,U,Asia/Shanghai
3069,Shah Amanat International Airport,Bangladesh,CGP,22.24959946,91.81330109,12,U,Asia/Dhaka
4380,Longjia Airport,China,CGQ,43.99620056,125.6849976,706,U,Asia/Shanghai
2371,Jinhae Airbase/Airport (G-813/K-10),South Korea,CHF,35.140248,128.696229,8,U,Asia/Seoul
6772,Chaoyang Airport,China,CHG,41.538101,120.434998,568,U,Asia/Shanghai
2364,Jeon Ju Airport (G-703),South Korea,CHN,35.87808,127.119112,96,U,Asia/Seoul
6342,Chifeng Airport,China,CIF,42.23500061,118.9079971,0,U,Asia/Shanghai
6343,Changzhi Airport,China,CIH,36.247501,113.125999,0,U,Asia/Shanghai
2914,Shymkent Airport,Kazakhstan,CIT,42.36420059,69.47889709,1385,U,Asia/Qyzylorda
3135,Coimbatore International Airport,India,CJB,11.02999973,77.04340363,1324,N,Asia/Calcutta
6008,Cheongju International Airport/Cheongju Air Base (K-59/G-513),South Korea,CJJ,36.717008,127.498741,191,U,Asia/Seoul
5940,Chitral Airport,Pakistan,CJL,35.88660049,71.80059814,4920,N,Asia/Karachi
4300,Chumphon Airport,Thailand,CJM,10.71119976,99.36170197,18,U,Asia/Bangkok
8752,Nusawiru Airport,Indonesia,CJN,-7.719895,108.488995,16,N,Asia/Jakarta
2370,Jeju International Airport,South Korea,CJU,33.51129913,126.4929962,118,U,Asia/Seoul
3393,Chongqing Jiangbei International Airport,China,CKG,29.71920013,106.6419983,1365,U,Asia/Shanghai
6093,Chokurdakh Airport,Russia,CKH,70.62310028,147.9019928,151,N,Asia/Srednekolymsk
2143,Sarakhs Airport,Iran,CKT,36.50120163,61.06489944,945,E,Asia/Tehran
3024,Bandaranaike International Colombo Airport,Sri Lanka,CMB,7.180759907,79.88410187,30,U,Asia/Colombo
7564,Chi Mei Airport,Taiwan,CMJ,23.21310043,119.4179993,63,U,Asia/Taipei
8974,Changhai Airport,China,CNI,39.26666667,122.6669444,80,N,Asia/Shanghai
3931,Chiang Mai International Airport,Thailand,CNX,18.76679993,98.96260071,1036,U,Asia/Bangkok
3044,Cooch Behar Airport,India,COH,26.33049965,89.46720123,138,N,Asia/Calcutta
3136,Cochin International Airport,India,COK,10.152,76.401901,30,N,Asia/Calcutta
6795,Choibalsan Airport,Mongolia,COQ,48.13570023,114.6460037,2457,U,Asia/Ulaanbaatar
6759,Shahrekord Airport,Iran,CQD,32.29719925,50.84220123,6723,E,Asia/Tehran
4140,Diosdado Macapagal International Airport,Philippines,CRK,15.186,120.559998,484,N,Asia/Manila
6024,Catarman National Airport,Philippines,CRM,12.5024004,124.6360016,6,N,Asia/Manila
2978,Turkmenabat Airport,Turkmenistan,CRZ,39.08330154,63.61330032,630,U,Asia/Ashgabat
3371,Changsha Huanghua International Airport,China,CSX,28.18919945,113.2200012,217,U,Asia/Shanghai
2287,New Chitose Airport,Japan,CTS,42.77519989,141.6920013,82,U,Asia/Tokyo
3395,Chengdu Shuangliu International Airport,China,CTU,30.57850075,103.9469986,1625,U,Asia/Shanghai
3068,Cox's Bazar Airport,Bangladesh,CXB,21.45219994,91.96389771,12,U,Asia/Dhaka
3899,Tunggul Wulung Airport,Indonesia,CXP,-7.645060062,109.0339966,69,N,Asia/Jakarta
6189,Cam Ranh Airport,Vietnam,CXR,11.99820042,109.2190018,40,U,Asia/Saigon
2265,Chiayi Airport,Taiwan,CYI,23.46179962,120.3929977,85,U,Asia/Taipei
6023,Calbayog Airport,Philippines,CYP,12.07269955,124.5449982,12,N,Asia/Manila
6010,Cuyo Airport,Philippines,CYU,10.85809994,121.0690002,0,N,Asia/Manila
6094,Cherskiy Airport,Russia,CYX,68.74060059,161.3379974,20,N,Asia/Srednekolymsk
6733,Cauayan Airport,Philippines,CYZ,16.92989922,121.7529984,200,N,Asia/Manila
4109,Changzhou Benniu Airport,China,CZX,31.919701,119.778999,0,U,Asia/Shanghai
3076,Hazrat Shahjalal International Airport,Bangladesh,DAC,23.843347,90.397783,30,U,Asia/Dhaka
3196,Da Nang International Airport,Vietnam,DAD,16.04389954,108.1989975,33,U,Asia/Saigon
2236,Damascus International Airport,Syria,DAM,33.41149902,36.5155983,2020,E,Asia/Damascus
6344,Datong Airport,China,DAT,40.060299,113.482002,3442,U,Asia/Shanghai
6397,Dachuan Airport,China,DAX,31.1302,107.4295,0,U,Asia/Shanghai
5941,Dalbandin Airport,Pakistan,DBA,28.87829971,64.39980316,2800,N,Asia/Karachi
3045,Dhanbad Airport,India,DBD,23.83399963,86.4253006,847,N,Asia/Calcutta
9310,Daocheng Yading Airport,China,DCY,29.323056,100.053333,14472,N,Asia/Shanghai
6433,Dandong Airport,China,DDG,40.0247,124.286003,30,N,Asia/Shanghai
5942,Dera Ghazi Khan Airport,Pakistan,DEA,29.96100044,70.48590088,492,N,Asia/Karachi
3092,Dehradun Airport,India,DED,30.189699,78.180298,1831,N,Asia/Calcutta
2098,Dezful Airport,Iran,DEF,32.434399,48.397598,474,E,Asia/Tehran
3093,Indira Gandhi International Airport,India,DEL,28.5665,77.103104,777,N,Asia/Calcutta
2237,Deir ez-Zor Air Base,Syria,DEZ,35.2854,40.175999,700,E,Asia/Damascus
2425,Sibulan Airport,Philippines,DGT,9.333709717,123.3000031,15,N,Asia/Manila
2065,King Abdulaziz Air Base,Saudi Arabia,DHA,26.26539993,50.15200043,84,U,Asia/Riyadh
2184,Al Dhafra Air Base,United Arab Emirates,DHF,24.24819946,54.54769897,77,U,Asia/Dubai
4188,Dhangarhi Airport,Nepal,DHI,28.75329971,80.58190155,690,N,Asia/Katmandu
6760,Kangra Airport,India,DHM,32.1651001,76.26339722,2525,N,Asia/Calcutta
2241,Doha International Airport,Qatar,DIA,25.261101,51.565102,35,U,Asia/Qatar
3057,Dibrugarh Airport,India,DIB,27.48390007,95.01689911,362,N,Asia/Calcutta
6375,Diqing Airport,China,DIG,27.7936,99.6772,10761,U,Asia/Shanghai
3310,Presidente Nicolau Lobato International Airport,East Timor,DIL,-8.54640007,125.526001,154,U,Asia/Dili
6192,Dien Bien Phu Airport,Vietnam,DIN,21.39749908,103.0080032,1611,U,Asia/Saigon
5711,Diu Airport,India,DIU,20.71310043,70.9210968,31,N,Asia/Calcutta
3287,Sultan Thaha Airport,Indonesia,DJB,-1.638020039,103.6439972,82,N,Asia/Jakarta
3244,Sentani International Airport,Indonesia,DJJ,-2.576950073,140.5160065,289,N,Asia/Jayapura
8695,Dikson Airport,Russia,DKS,73.51780701,80.37966919,47,N,Asia/Krasnoyarsk
3404,Zhoushuizi Airport,China,DLC,38.96569824,121.5390015,107,U,Asia/Shanghai
4153,Lien Khuong Airport,Vietnam,DLI,11.75,108.366997,3156,U,Asia/Saigon
4054,Dali Airport,China,DLU,25.649401,100.319,7050,U,Asia/Shanghai
6372,Dalanzadgad Airport,Mongolia,DLZ,43.59170151,104.4300003,4787,U,Asia/Ulaanbaatar
2911,Taraz Airport,Kazakhstan,DMB,42.85359955,71.3035965,2184,U,Asia/Qyzylorda
3157,Don Mueang International Airport,Thailand,DMK,13.91259956,100.6070023,9,U,Asia/Bangkok
2064,King Fahd International Airport,Saudi Arabia,DMM,26.47120094,49.79790115,72,U,Asia/Riyadh
6174,Dimapur Airport,India,DMU,25.88389969,93.77110291,487,N,Asia/Calcutta
2386,Kadena Air Base,Japan,DNA,26.3556,127.767998,143,U,Asia/Tokyo
4308,Dunhuang Airport,China,DNH,40.16109848,94.80919647,0,U,Asia/Shanghai
4178,Tulsipur Airport,Nepal,DNP,28.11109924,82.29419708,2100,N,Asia/Katmandu
4186,Dolpa Airport,Nepal,DOP,28.98570061,82.81909943,8200,N,Asia/Katmandu
4145,Dongying Shengli Airport,China,DOY,37.50859833,118.788002,15,U,Asia/Shanghai
4201,Dipolog Airport,Philippines,DPL,8.601983499,123.3418751,12,N,Asia/Manila
3940,Ngurah Rai (Bali) International Airport,Indonesia,DPS,-8.748169899,115.1669998,14,N,Asia/Makassar
9845,Saertu Airport,China,DQA,46.74638889,125.1405556,496,N,Asia/Shanghai
5943,Dera Ismael Khan Airport,Pakistan,DSK,31.90940094,70.89659882,594,N,Asia/Karachi
6434,Ordos Ejin Horo Airport,China,DSN,39.49,109.8613889,4557,N,Asia/Shanghai
8785,Sondok Airport,North Korea,DSO,39.745201,127.473999,12,U,Asia/Pyongyang
9874,Silangit Airport,Indonesia,DTB,2.25973,98.991898,4700,N,Asia/Jakarta
6208,Datadawai Airport,Indonesia,DTD,0.8106,114.5306,508,N,Asia/Makassar
2406,Daet Airport,Philippines,DTE,14.12919998,122.9800034,10,N,Asia/Manila
3274,Pinang Kampai Airport,Indonesia,DUM,1.60919,101.433998,55,N,Asia/Jakarta
4090,Francisco Bangoy International Airport,Philippines,DVO,7.125520229,125.6460037,96,N,Asia/Manila
8076,Al Maktoum International Airport,United Arab Emirates,DWC,24.896356,55.161389,114,U,Asia/Dubai
2188,Dubai International Airport,United Arab Emirates,DXB,25.25279999,55.36439896,62,U,Asia/Dubai
6353,Dayong Airport,China,DYG,29.1028,110.443001,692,U,Asia/Shanghai
6098,Ugolny Airport,Russia,DYR,64.734902,177.740997,194,N,Asia/Anadyr
2979,Dushanbe Airport,Tajikistan,DYU,38.54330063,68.82499695,2575,U,Asia/Dushanbe
6085,Zhezkazgan Airport,Kazakhstan,DZN,47.708302,67.733299,1250,U,Asia/Qyzylorda
2075,Nejran Airport,Saudi Arabia,EAM,17.6114006,44.4192009,3982,U,Asia/Riyadh
3989,Erbil International Airport,Iraq,EBL,36.23759842,43.96319962,1341,U,Asia/Baghdad
5780,Ercan International Airport,Cyprus,ECN,35.15470123,33.49610138,404,E,Asia/Nicosia
6117,Yeniseysk Airport,Russia,EIE,58.4742012,92.11250305,253,N,Asia/Krasnoyarsk
1595,Ein Yahav Airfield,Israel,EIY,30.62170029,35.20330048,-164,E,Asia/Jerusalem
2095,Al Wajh Domestic Airport,Saudi Arabia,EJH,26.19860077,36.47639847,66,U,Asia/Riyadh
9156,Ekibastuz Airport,Kazakhstan,EKB,51.5909996,75.21499634,621,N,Asia/Qyzylorda
2067,Gassim Airport,Saudi Arabia,ELQ,26.30279922,43.7743988,2126,U,Asia/Riyadh
3914,Ende (H Hasan Aroeboesman) Airport,Indonesia,ENE,-8.849289894,121.6610031,49,N,Asia/Makassar
6358,Enshi Airport,China,ENH,30.32029915,109.4850006,1605,U,Asia/Shanghai
6367,Yan'an Ershilipu Airport,China,ENY,36.636902,109.554001,3100,U,Asia/Shanghai
9805,Yerbogachen Airport,Russia,ERG,61.27500153,108.0299988,400,N,Asia/Irkutsk
1594,Eilat Airport,Israel,ETH,29.56130028,34.96009827,42,E,Asia/Jerusalem
2435,Evelio Javier Airport,Philippines,EUQ,10.76599979,121.9329987,23,N,Asia/Manila
3964,Zvartnots International Airport,Armenia,EVN,40.14730072,44.39590073,2838,E,Asia/Yerevan
8428,Beloyarskiy Airport,Russia,EYK,63.686901,66.698601,82,N,Asia/Yekaterinburg
6424,Berezovo Airport,Russia,EZV,63.92100143,65.03050232,98,N,Asia/Yekaterinburg
2153,Fasa Airport,Iran,FAZ,28.89179993,53.72330093,4261,E,Asia/Tehran
5922,Fayzabad Airport,Afghanistan,FBD,37.121101,70.518097,3872,U,Asia/Kabul
6149,Fergana International Airport,Uzbekistan,FEG,40.35879898,71.74500275,1980,U,Asia/Samarkand
2189,Fujairah International Airport,United Arab Emirates,FJR,25.11219978,56.32400131,152,U,Asia/Dubai
2319,Fukui Airport,Japan,FKJ,36.14279938,136.223999,19,U,Asia/Tokyo
3257,Fakfak Airport,Indonesia,FKQ,-2.920190096,132.2669983,462,N,Asia/Jayapura
5999,Fukushima Airport,Japan,FKS,37.22740173,140.4309998,1221,U,Asia/Tokyo
3280,Dr Ferdinand Lumban Tobing Airport,Indonesia,FLZ,1.55594,98.888901,33,N,Asia/Jakarta
3377,Pyongyang Sunan International Airport,North Korea,FNJ,39.224098,125.669998,117,U,Asia/Pyongyang
3385,Fuzhou Changle International Airport,China,FOC,25.93510056,119.663002,46,U,Asia/Shanghai
2912,Manas International Airport,Kyrgyzstan,FRU,43.06129837,74.4776001,2058,U,Asia/Bishkek
7503,Fuyang Xiguan Airport,China,FUG,32.882157,115.734364,104,U,Asia/Shanghai
2304,Fukue Airport,Japan,FUJ,32.66630173,128.8329926,273,U,Asia/Tokyo
2305,Fukuoka Airport,Japan,FUK,33.58589935,130.451004,32,U,Asia/Tokyo
7457,Foshan Shadi Airport,China,FUO,23.08329964,113.0699997,6,N,Asia/Shanghai
2341,Yamagata Airport,Japan,GAJ,38.41189957,140.3710022,353,U,Asia/Tokyo
6173,Lokpriya Gopinath Bordoloi International Airport,India,GAU,26.10610008,91.58589935,162,N,Asia/Calcutta
3048,Gaya Airport,India,GAY,24.74430084,84.95120239,380,N,Asia/Calcutta
8775,Gabala International Airport,Azerbaijan,GBB,40.826667,47.7125,935,E,Asia/Baku
6747,Gorgan Airport,Iran,GBT,36.90940094,54.40129852,-24,E,Asia/Tehran
2100,Gachsaran Airport,Iran,GCH,30.33760071,50.82799912,2414,E,Asia/Tehran
2930,Sokol Airport,Russia,GDX,59.9109993,150.7200012,574,N,Asia/Srednekolymsk
2402,General Santos International Airport,Philippines,GES,6.058000088,125.0960007,505,N,Asia/Manila
2204,Gilgit Airport,Pakistan,GIL,35.91880035,74.33360291,4796,N,Asia/Karachi
9229,Sigiriya Air Force Base,Sri Lanka,GIU,7.956669807,80.72850037,630,N,Asia/Colombo
2066,Jizan Regional Airport,Saudi Arabia,GIZ,16.90110016,42.58580017,20,U,Asia/Riyadh
2378,Gimpo International Airport,South Korea,GMP,37.5583,126.791,59,U,Asia/Seoul
2263,Lyudao Airport,Taiwan,GNI,22.6739006,121.4660034,28,U,Asia/Taipei
3276,Binaka Airport,Indonesia,GNS,1.16638,97.704697,20,N,Asia/Jakarta
3007,Dabolim Airport,India,GOI,15.38080025,73.83139801,150,N,Asia/Calcutta
6741,Gorakhpur Airport,India,GOP,26.73970032,83.4496994,259,N,Asia/Calcutta
6363,Golmud Airport,China,GOQ,36.4006,94.786102,9334,U,Asia/Shanghai
3247,Jalaluddin Airport,Indonesia,GTO,0.637118995,122.8499985,105,N,Asia/Makassar
4357,Atyrau Airport,Kazakhstan,GUW,47.12189865,51.82139969,-72,U,Asia/Oral
3006,Guna Airport,India,GUX,24.654699,77.347298,1600,N,Asia/Calcutta
2203,Gwadar International Airport,Pakistan,GWD,25.23329926,62.32949829,36,N,Asia/Karachi
3094,Gwalior Airport,India,GWL,26.29330063,78.22779846,617,N,Asia/Calcutta
5954,Sayun International Airport,Yemen,GXF,15.96609974,48.78829956,2097,U,Asia/Aden
9311,Gannan Xiahe Airport,China,GXH,34.8105,102.6447,10510,N,Asia/Shanghai
2922,Heydar Aliyev International Airport,Azerbaijan,GYD,40.46749878,50.04669952,10,E,Asia/Baku
8780,Magan Airport,Russia,GYG,62.103484,129.545288,577,N,Asia/Yakutsk
6398,Guangyuan Airport,China,GYS,32.39110184,105.7020035,0,U,Asia/Shanghai
8971,Guyuan Liupanshan Airport,China,GYU,36.07888889,106.2169444,5696,U,Asia/Shanghai
3969,Yasser Arafat International Airport,Palestine,GZA,31.24640083,34.27610016,320,U,Asia/Gaza
2132,Qazvin Airport,Iran,GZW,36.240101,50.0471,4184,E,Asia/Tehran
2352,Hachijojima Airport,Japan,HAC,33.11500168,139.7859955,303,U,Asia/Tokyo
4120,Haikou Meilan International Airport,China,HAK,19.93490028,110.4589996,75,U,Asia/Shanghai
3199,Noi Bai International Airport,Vietnam,HAN,21.22120094,105.8069992,39,U,Asia/Saigon
2069,Ha'il Airport,Saudi Arabia,HAS,27.437901,41.686298,3331,U,Asia/Riyadh
6168,Hubli Airport,India,HBX,15.36170006,75.0848999,2171,N,Asia/Calcutta
5992,Hengchun Airport,Taiwan,HCN,22.04109955,120.7300034,46,U,Asia/Taipei
5945,Hyderabad Airport,Pakistan,HDD,25.3181,68.366096,130,N,Asia/Karachi
8407,Handan Airport,China,HDG,36.52583333,114.4255556,229,N,Asia/Shanghai
6790,Hamadan Airport,Iran,HDM,34.86920166,48.55250168,5755,E,Asia/Tehran
2138,Havadarya Airport,Iran,HDR,27.1583004,56.17250061,19,E,Asia/Tehran
3181,Hat Yai International Airport,Thailand,HDY,6.933209896,100.3929977,90,U,Asia/Bangkok
2048,Herat Airport,Afghanistan,HEA,34.20999908,62.22829819,3206,U,Asia/Kabul
3213,Heho Airport,Burma,HEH,20.74699974,96.79199982,3858,U,Asia/Rangoon
6410,Heihe Airport,China,HEK,50.17162094,127.3088837,8530,U,Asia/Shanghai
6345,Baita International Airport,China,HET,40.851398,111.823997,3556,U,Asia/Shanghai
1596,Haifa International Airport,Israel,HFA,32.80939865,35.04309845,28,E,Asia/Jerusalem
3389,Hefei Luogang International Airport,China,HFE,31.78000069,117.2979965,108,U,Asia/Shanghai
3386,Hangzhou Xiaoshan International Airport,China,HGH,30.22949982,120.4339981,23,U,Asia/Shanghai
4086,Mae Hong Son Airport,Thailand,HGN,19.30130005,97.97579956,929,U,Asia/Bangkok
2343,Hachinohe Airport,Japan,HHE,40.5564003,141.4660034,152,U,Asia/Tokyo
4390,Shun Tak Heliport,Hong Kong,HHP,22.28937149,114.152153,107,N,Asia/Hong_Kong
3165,Hua Hin Airport,Thailand,HHQ,12.63619995,99.95149994,62,U,Asia/Bangkok
7898,Lianshui Airport,China,HIA,33.79083333,119.125,28,N,Asia/Shanghai
2326,Hiroshima Airport,Japan,HIJ,34.43610001,132.9190063,1088,U,Asia/Tokyo
6007,Sacheon Air Base/Airport,South Korea,HIN,35.088591,128.071747,25,U,Asia/Seoul
8469,Hiroshimanishi Airport,Japan,HIW,34.3669014,132.4140015,15,N,Asia/Tokyo
7519,Zhijiang Airport,China,HJJ,27.44111111,109.7,882,U,Asia/Shanghai
3012,Khajuraho Airport,India,HJR,24.81719971,79.91860199,728,N,Asia/Calcutta
2288,Hakodate Airport,Japan,HKD,41.77000046,140.8220062,151,U,Asia/Tokyo
3077,Hong Kong International Airport,Hong Kong,HKG,22.308901,113.915001,28,U,Asia/Hong_Kong
3179,Phuket International Airport,Thailand,HKT,8.1132,98.316902,82,U,Asia/Bangkok
3366,Dongshan Airport,China,HLD,49.20500183,119.8249969,2169,U,Asia/Shanghai
6349,Ulanhot Airport,China,HLH,46.195333,122.008333,0,U,Asia/Shanghai
6224,Halim Perdanakusuma International Airport,Indonesia,HLP,-6.266610146,106.8909988,84,N,Asia/Jakarta
6138,Khanty Mansiysk Airport,Russia,HMA,61.0284996,69.08609772,76,N,Asia/Yekaterinburg
6743,Hami Airport,China,HMI,42.8414,93.669197,2703,U,Asia/Shanghai
2344,Hanamaki Airport,Japan,HNA,39.42860031,141.1349945,297,U,Asia/Tokyo
2359,Tokyo Haneda International Airport,Japan,HND,35.552299,139.779999,35,U,Asia/Tokyo
3976,Hodeidah International Airport,Yemen,HOD,14.75300026,42.97629929,41,U,Asia/Aden
6177,Ban Huoeisay Airport,Laos,HOE,20.25729942,100.4369965,1380,N,Asia/Vientiane
2060,Al Ahsa Airport,Saudi Arabia,HOF,25.2852993,49.48519897,588,U,Asia/Riyadh
3214,Hommalinn Airport,Burma,HOX,24.89959908,94.91400146,534,U,Asia/Rangoon
6188,Cat Bi International Airport,Vietnam,HPH,20.81940079,106.7249985,6,U,Asia/Saigon
3400,Taiping Airport,China,HRB,45.62340164,126.25,457,U,Asia/Shanghai
8949,Mattala Rajapaksa International Airport,Sri Lanka,HRI,6.284467,81.124128,157,N,Asia/Colombo
5996,Saga Airport,Japan,HSG,33.14970016,130.302002,6,N,Asia/Tokyo
6395,Zhoushan Airport,China,HSN,29.93420029,122.3619995,3,U,Asia/Shanghai
3095,Hissar Airport,India,HSS,29.17939949,75.75530243,700,N,Asia/Calcutta
2271,Hsinchu Air Base,Taiwan,HSZ,24.81800079,120.939003,26,U,Asia/Taipei
2935,Chita-Kadala Airport,Russia,HTA,52.026299,113.306,2272,N,Asia/Yakutsk
6120,Khatanga Airport,Russia,HTG,71.97810364,102.4909973,95,N,Asia/Krasnoyarsk
3398,Hotan Airport,China,HTN,37.03850174,79.86489868,4672,U,Asia/Shanghai
3201,Phu Bai Airport,Vietnam,HUI,16.4015007,107.7030029,48,U,Asia/Saigon
2278,Hualien Airport,Taiwan,HUN,24.0230999,121.6179962,52,U,Asia/Taipei
7458,Huizhou Airport,China,HUZ,23.04999924,114.5999985,50,N,Asia/Shanghai
6373,Khovd Airport,Mongolia,HVD,47.95410156,91.62819672,4898,U,Asia/Hovd
6384,Huangyan Luqiao Airport,China,HYN,28.56220055,121.4290009,0,U,Asia/Shanghai
6364,Hanzhong Chenggu Airport,China,HZG,33.134136,107.206014,0,U,Asia/Shanghai
7508,Liping Airport,China,HZH,26.32217,109.1499,1620,U,Asia/Shanghai
6121,Igarka Airport,Russia,IAA,67.43720245,86.62190247,82,N,Asia/Krasnoyarsk
6974,Siargao Airport,Philippines,IAO,9.8591,126.014,10,N,Asia/Manila
2281,Hyakuri Airport,Japan,IBR,36.18109894,140.4149933,105,U,Asia/Tokyo
3930,Incheon International Airport,South Korea,ICN,37.46910095,126.4509964,23,U,Asia/Seoul
3008,Devi Ahilyabai Holkar Airport,India,IDR,22.72179985,75.80110168,1850,N,Asia/Calcutta
2118,Hesa Airport,Iran,IFH,32.92890167,51.56110001,5256,E,Asia/Tehran
2121,Esfahan Shahid Beheshti International Airport,Iran,IFN,32.75080109,51.86130142,5059,E,Asia/Tehran
2168,Iran Shahr Airport,Iran,IHR,27.23609924,60.72000122,2040,E,Asia/Tehran
6748,Ilam Airport,Iran,IIL,33.58660126,46.40480042,4404,E,Asia/Tehran
4330,Imam Khomeini International Airport,Iran,IKA,35.41609955,51.15219879,3305,E,Asia/Tehran
2295,Iki Airport,Japan,IKI,33.74900055,129.7850037,41,U,Asia/Tokyo
6095,Tiksi Airport,Russia,IKS,71.6977005,128.9029999,26,N,Asia/Yakutsk
2937,Irkutsk Airport,Russia,IKT,52.26800156,104.3889999,1675,N,Asia/Irkutsk
2429,Iloilo International Airport,Philippines,ILO,10.833017,122.493358,27,N,Asia/Manila
3050,Imphal Airport,India,IMF,24.76000023,93.896698,2540,N,Asia/Calcutta
4185,Simikot Airport,Nepal,IMK,29.97109985,81.81890106,9246,N,Asia/Katmandu
3302,Sultan Azlan Shah Airport,Malaysia,IPH,4.567969799,101.0920029,130,N,Asia/Kuala_Lumpur
4137,Al Asad Air Base,Iraq,IQA,33.78559875,42.44120026,618,U,Asia/Baghdad
6405,Qiemo Yudu Airport,China,IQM,38.233611,85.465556,0,U,Asia/Shanghai
6365,Qingyang Airport,China,IQN,35.799702,107.602997,0,U,Asia/Shanghai
3070,Ishurdi Airport,Bangladesh,IRD,24.15250015,89.04940033,45,U,Asia/Dhaka
2387,New Ishigaki Airport,Japan,ISG,24.396389,124.245,102,U,Asia/Tokyo
3016,Nashik Airport,India,ISK,20.119101,73.912903,1900,N,Asia/Calcutta
5952,Sulaymaniyah International Airport,Iraq,ISU,35.5617485,45.31673813,2494,U,Asia/Baghdad
2334,Osaka International Airport,Japan,ITM,34.78549957,135.4380035,50,U,Asia/Tokyo
5998,Iwami Airport,Japan,IWJ,34.67639923,131.7899933,184,U,Asia/Tokyo
2283,Iwo Jima Airport,Japan,IWO,24.7840004,141.322998,384,U,Asia/Tokyo
3038,Agartala Airport,India,IXA,23.88699913,91.24040222,46,N,Asia/Calcutta
3040,Bagdogra Airport,India,IXB,26.68120003,88.32859802,412,N,Asia/Calcutta
3089,Chandigarh Airport,India,IXC,30.67350006,76.78849792,1012,N,Asia/Calcutta
3080,Allahabad Airport,India,IXD,25.44009972,81.73390198,322,N,Asia/Calcutta
3143,Mangalore International Airport,India,IXE,12.9612999,74.89009857,337,N,Asia/Calcutta
3000,Belgaum Airport,India,IXG,15.85929966,74.61830139,2487,N,Asia/Calcutta
3054,Kailashahar Airport,India,IXH,24.30820084,92.00720215,79,N,Asia/Calcutta
3056,North Lakhimpur Airport,India,IXI,27.2954998,94.09760284,330,N,Asia/Calcutta
3100,Jammu Airport,India,IXJ,32.68909836,74.83740234,1029,N,Asia/Calcutta
3014,Keshod Airport,India,IXK,21.31710052,70.270401,167,N,Asia/Calcutta
3104,Leh Kushok Bakula Rimpochee Airport,India,IXL,34.13589859,77.54650116,10682,N,Asia/Calcutta
3142,Madurai Airport,India,IXM,9.83450985,78.09339905,459,N,Asia/Calcutta
3106,Pathankot Airport,India,IXP,32.233611,75.634444,1017,N,Asia/Calcutta
3063,Birsa Munda Airport,India,IXR,23.31430054,85.32170105,2148,N,Asia/Calcutta
3055,Silchar Airport,India,IXS,24.91290092,92.97869873,352,N,Asia/Calcutta
2996,Aurangabad Airport,India,IXU,19.86269951,75.39810181,1911,N,Asia/Calcutta
3037,Along Airport,India,IXV,28.1753006,94.80200195,900,N,Asia/Calcutta
3052,Sonari Airport,India,IXW,22.8132,86.1688,475,N,Asia/Calcutta
3011,Kandla Airport,India,IXY,23.1127,70.100304,96,N,Asia/Calcutta
3146,Vir Savarkar International Airport,India,IXZ,11.64120007,92.72969818,14,N,Asia/Calcutta
2328,Izumo Airport,Japan,IZO,35.41360092,132.8899994,15,U,Asia/Tokyo
2049,Jalalabad Airport,Afghanistan,JAA,34.39979935,70.49859619,1814,U,Asia/Kabul
3029,Kankesanturai Airport,Sri Lanka,JAF,9.792329788,80.07009888,33,U,Asia/Colombo
2205,Shahbaz Air Base,Pakistan,JAG,28.28420067,68.4496994,185,N,Asia/Karachi
3098,Jaipur International Airport,India,JAI,26.8242,75.812202,1263,N,Asia/Calcutta
2154,Jahrom Airport,Iran,JAR,28.58670044,53.57910156,3358,E,Asia/Tehran
8419,Jeongseok Airport,South Korea,JDG,33.39960098,126.711998,1171,U,Asia/Seoul
3097,Jodhpur Airport,India,JDH,26.25110054,73.04889679,717,N,Asia/Calcutta
6380,Jingdezhen Airport,China,JDZ,29.33860016,117.1760025,112,U,Asia/Shanghai
2072,King Abdulaziz International Airport,Saudi Arabia,JED,21.6796,39.156502,48,U,Asia/Riyadh
3010,Jamnagar Airport,India,JGA,22.46549988,70.01260376,69,N,Asia/Calcutta
8979,Jiagedaqi Airport,China,JGD,50.371389,124.1175,1205,N,Asia/Shanghai
6432,Jiayuguan Airport,China,JGN,39.856899,98.3414,5112,N,Asia/Shanghai
6964,Jinggangshan Airport,China,JGS,26.85689926,114.7369995,281,U,Asia/Shanghai
3303,Senai International Airport,Malaysia,JHB,1.64131,103.669998,135,N,Asia/Kuala_Lumpur
3381,Xishuangbanna Gasa Airport,China,JHG,21.97389984,100.7600021,1815,U,Asia/Shanghai
8781,Qianjiang Wulingshan Airport,China,JIQ,29.51333333,108.8311111,2075,N,Asia/Shanghai
6381,Jiujiang Lushan Airport,China,JIU,29.476944,115.801111,0,U,Asia/Shanghai
5944,Jiwani Airport,Pakistan,JIW,25.06780052,61.80540085,186,N,Asia/Karachi
6386,Quanzhou Jinjiang International Airport,China,JJN,24.7964,118.589996,0,U,Asia/Shanghai
3124,Janakpur Airport,Nepal,JKR,26.70879936,85.92240143,256,N,Asia/Katmandu
3009,Jabalpur Airport,India,JLR,23.17779922,80.05200195,1624,N,Asia/Calcutta
4173,Jomsom Airport,Nepal,JMO,28.780426,83.723,8976,N,Asia/Katmandu
6411,Jiamusi Airport,China,JMU,46.84339905,130.4649963,262,U,Asia/Shanghai
6944,Jining Qufu Airport,China,JNG,35.292778,116.346667,134,U,Asia/Shanghai
6412,Jinzhou Airport,China,JNZ,41.10139847,121.0619965,0,U,Asia/Shanghai
3898,Adi Sutjipto International Airport,Indonesia,JOG,-7.788179874,110.4319992,350,N,Asia/Jakarta
6013,Jolo Airport,Philippines,JOL,6.05366993,121.0110016,118,N,Asia/Manila
3053,Jorhat Airport,India,JRH,26.73150063,94.17549896,311,N,Asia/Calcutta
3099,Jaisalmer Airport,India,JSA,26.88870049,70.86499786,751,N,Asia/Calcutta
3071,Jessore Airport,Bangladesh,JSR,23.18379974,89.16079712,20,U,Asia/Dhaka
9843,Jiuhuashan Airport,China,JUH,30.7403,117.6856,60,N,Asia/Shanghai
4180,Jumla Airport,Nepal,JUM,29.2742,82.193298,7700,N,Asia/Katmandu
6382,Quzhou Airport,China,JUZ,28.965799,118.899002,0,U,Asia/Shanghai
2163,Zanjan Airport,Iran,JWN,36.77370071,48.3594017,5382,E,Asia/Tehran
8417,Jixi Xingkaihu Airport,China,JXA,45.293,131.193,760,N,Asia/Shanghai
2135,Jiroft Airport,Iran,JYR,28.7269001,57.67029953,2663,E,Asia/Tehran
4301,Jiuzhai Huanglong Airport,China,JZH,32.85333333,103.6822222,11327,U,Asia/Shanghai
5953,Kamishly Airport,Syria,KAC,37.02059937,41.19139862,1480,E,Asia/Damascus
2367,Gangneung Airport (K-18),South Korea,KAG,37.753601,128.943915,35,U,Asia/Seoul
6198,Kawthoung Airport,Burma,KAW,10.04930019,98.53800201,180,U,Asia/Rangoon
2050,Hamid Karzai International Airport,Afghanistan,KBL,34.565899,69.212303,5877,U,Asia/Kabul
3298,Sultan Ismail Petra Airport,Malaysia,KBR,6.16685009,102.2929993,16,N,Asia/Kuala_Lumpur
3174,Krabi Airport,Thailand,KBV,8.09912014,98.98619843,82,U,Asia/Bangkok
6406,Kuqa Airport,China,KCA,41.677856,82.872917,3524,U,Asia/Shanghai
3263,Kuching International Airport,Malaysia,KCH,1.484699965,110.3470001,89,N,Asia/Kuala_Lumpur
6922,Kirensk Airport,Russia,KCK,57.773,108.064,840,N,Asia/Irkutsk
6169,Koggala Airport,Sri Lanka,KCT,5.99368,80.32029724,10,U,Asia/Colombo
2332,Kōchi Ryōma Airport,Japan,KCZ,33.546101,133.669006,42,U,Asia/Tokyo
5946,Khuzdar Airport,Pakistan,KDD,27.79059982,66.64730072,4012,N,Asia/Karachi
2051,Kandahar Airport,Afghanistan,KDH,31.50580025,65.84780121,3337,U,Asia/Kabul
3890,Wolter Monginsidi Airport,Indonesia,KDI,-4.081610203,122.4179993,538,N,Asia/Makassar
3158,Kamphaeng Saen Airport,Thailand,KDT,14.10200024,99.91719818,30,U,Asia/Bangkok
5949,Skardu Airport,Pakistan,KDU,35.33549881,75.53600311,7316,N,Asia/Karachi
8779,Typliy Klyuch Airport,Russia,KDY,62.78900146,136.8549957,925,N,Asia/Yakutsk
2957,Kemerovo Airport,Russia,KEJ,55.27009964,86.10720062,863,N,Asia/Krasnoyarsk
6182,Nepalgunj Airport,Nepal,KEP,28.10359955,81.66699982,540,N,Asia/Katmandu
2136,Kerman Airport,Iran,KER,30.27440071,56.9510994,5741,E,Asia/Tehran
3215,Kengtung Airport,Burma,KET,21.3015995,99.63600159,2798,U,Asia/Rangoon
4375,Sary-Arka Airport,Kazakhstan,KGF,49.67079926,73.33439636,1765,U,Asia/Qyzylorda
4373,Kogalym International Airport,Russia,KGP,62.19039917,74.53379822,220,N,Asia/Yekaterinburg
8921,Kangding Airport,China,KGT,30.1575,101.734722,14042,N,Asia/Shanghai
5927,Khoram Abad Airport,Iran,KHD,33.4353981,48.28290176,3782,E,Asia/Tehran
3397,Kashgar Airport,China,KHG,39.54290009,76.01999664,4529,U,Asia/Shanghai
2264,Kaohsiung International Airport,Taiwan,KHH,22.57710075,120.3499985,31,U,Asia/Taipei
2206,Jinnah International Airport,Pakistan,KHI,24.9065,67.160797,100,N,Asia/Karachi
2111,Khark Island Airport,Iran,KHK,29.26029968,50.32389832,17,E,Asia/Tehran
4152,Kanti Airport,Burma,KHM,25.98830032,95.67440033,6000,U,Asia/Rangoon
3384,Nanchang Changbei International Airport,China,KHN,28.86499977,115.9000015,143,U,Asia/Shanghai
2192,Khasab Air Base,Oman,KHS,26.17099953,56.24060059,100,U,Asia/Muscat
8127,Khost Airport,Afghanistan,KHT,33.33340073,69.95200348,3756,N,Asia/Kabul
2927,Khabarovsk-Novy Airport,Russia,KHV,48.52799988,135.1880035,244,N,Asia/Vladivostok
2158,Khoy Airport,Iran,KHY,38.42750168,44.97359848,3981,E,Asia/Tehran
2109,Kish International Airport,Iran,KIH,26.52619934,53.98020172,101,E,Asia/Tehran
4381,Niigata Airport,Japan,KIJ,37.95589828,139.1210022,29,U,Asia/Tokyo
6832,Kirkuk Air Base,Iraq,KIK,35.4695015,44.34889984,1061,N,Asia/Baghdad
3992,Kansai International Airport,Japan,KIX,34.4272995,135.2440033,26,U,Asia/Tokyo
4374,Yemelyanovo Airport,Russia,KJA,56.172901,92.493301,942,N,Asia/Krasnoyarsk
8233,Kanas Airport,China,KJI,48.2223,86.9959,3921,U,Asia/Shanghai
9148,Kerama Airport,Japan,KJP,26.16830063,127.2929993,156,N,Asia/Tokyo
3938,Khon Kaen Airport,Thailand,KKC,16.46660042,102.7839966,670,U,Asia/Bangkok
2311,Kitakyūshū Airport,Japan,KKJ,33.84590149,131.0350037,21,U,Asia/Tokyo
2120,Kashan Airport,Iran,KKS,33.895302,51.577,3465,E,Asia/Tehran
7551,Kikai Airport,Japan,KKX,28.32130051,129.9279938,21,U,Asia/Tokyo
3013,Kolhapur Airport,India,KLH,16.66469955,74.28939819,1996,N,Asia/Calcutta
2148,Kalaleh Airport,Iran,KLM,37.38330078,55.45199966,425,E,Asia/Tehran
2430,Kalibo International Airport,Philippines,KLO,11.67940044,122.3759995,14,N,Asia/Manila
2073,King Khaled Military City Airport,Saudi Arabia,KMC,27.9009,45.528198,1352,U,Asia/Riyadh
3382,Kunming Changshui International Airport,China,KMG,25.1019444,102.9291667,6903,N,Asia/Shanghai
2308,Miyazaki Airport,Japan,KMI,31.87719917,131.4490051,20,U,Asia/Tokyo
2312,Kumamoto Airport,Japan,KMJ,32.83729935,130.8549957,642,U,Asia/Tokyo
2322,Komatsu Airport,Japan,KMQ,36.39459991,136.4069977,36,U,Asia/Tokyo
6787,Kalay Airport,Myanmar,KMV,23.18880081,94.05110168,499,U,Asia/Rangoon
3258,Kaimana Airport,Indonesia,KNG,-3.644520044,133.6959991,19,N,Asia/Jayapura
2259,Kinmen Airport,Taiwan,KNH,24.4279,118.359001,93,U,Asia/Taipei
9935,Kualanamu International Airport,Indonesia,KNO,3.642222,98.885278,23,N,Asia/Jakarta
3090,Kanpur Airport,India,KNU,26.404301,80.410103,410,N,Asia/Calcutta
3916,El Tari Airport,Indonesia,KOE,-10.17160034,123.6709976,335,N,Asia/Makassar
2307,Kagoshima Airport,Japan,KOJ,31.80340004,130.7189941,906,U,Asia/Tokyo
3936,Nakhon Phanom Airport,Thailand,KOP,17.38380051,104.6429977,587,U,Asia/Bangkok
4093,Sihanoukville International Airport,Cambodia,KOS,10.57970047,103.637001,33,N,Asia/Phnom_Penh
6083,Kokshetau Airport,Kazakhstan,KOV,53.329102,69.594597,900,U,Asia/Qyzylorda
6379,Ganzhou Airport,China,KOW,25.853333,114.778889,387,U,Asia/Shanghai
2380,Pohang Airport (G-815/K-3),South Korea,KPO,35.987955,129.420383,70,U,Asia/Seoul
7472,Qurghonteppa International Airport,Tajikistan,KQT,37.86640167,68.86470032,1473,U,Asia/Dushanbe
6407,Korla Airport,China,KRL,41.69779968,86.12889862,0,U,Asia/Shanghai
6146,Kurgan Airport,Russia,KRO,55.47529984,65.41560364,240,N,Asia/Yekaterinburg
2977,Turkmenbashi Airport,Turkmenistan,KRW,40.063301,53.007198,279,U,Asia/Ashgabat
6408,Karamay Airport,China,KRY,45.46655,84.9527,0,U,Asia/Shanghai
2114,Shahid Ashrafi Esfahani Airport,Iran,KSH,34.34590149,47.15810013,4307,E,Asia/Tehran
6088,Kostanay West Airport,Kazakhstan,KSN,53.20690155,63.5503006,595,U,Asia/Qyzylorda
6153,Karshi Khanabad Airport,Uzbekistan,KSQ,38.83359909,65.92150116,1365,U,Asia/Samarkand
2391,Kitadaito Airport,Japan,KTD,25.94470024,131.3269959,80,U,Asia/Tokyo
3300,Kerteh Airport,Malaysia,KTE,4.537220001,103.427002,18,N,Asia/Kuala_Lumpur
3282,Ketapang(Rahadi Usman) Airport,Indonesia,KTG,-1.816640019,109.9629974,46,N,Asia/Jakarta
8966,Kratie Airport,Cambodia,KTI,12.48799992,106.0550003,0,N,Asia/Phnom_Penh
3125,Tribhuvan International Airport,Nepal,KTM,27.6966,85.3591,4390,N,Asia/Katmandu
3102,Kota Airport,India,KTU,25.16020012,75.84559631,896,N,Asia/Calcutta
3299,Kuantan Airport,Malaysia,KUA,3.77538991,103.2089996,58,N,Asia/Kuala_Lumpur
6222,Kudat Airport,Malaysia,KUD,6.922500134,116.8359985,10,N,Asia/Kuala_Lumpur
5994,Kushiro Airport,Japan,KUH,43.04100037,144.1929932,327,U,Asia/Tokyo
3304,Kuala Lumpur International Airport,Malaysia,KUL,2.745579958,101.7099991,69,N,Asia/Kuala_Lumpur
2303,Yakushima Airport,Japan,KUM,30.38559914,130.6589966,124,U,Asia/Tokyo
3972,Kopitnari Airport,Georgia,KUT,42.17670059,42.48260117,223,N,Asia/Tbilisi
3085,Kullu Manali Airport,India,KUU,31.87669945,77.15440369,3573,N,Asia/Calcutta
6003,Kunsan Air Base,South Korea,KUV,35.90380096,126.6159973,29,U,Asia/Seoul
6089,Ganja Airport,Azerbaijan,KVD,40.73770142,46.31760025,1083,E,Asia/Baku
9371,Markovo Airport,Russia,KVM,64.667,170.417007,0,N,Asia/Anadyr
9042,Kavalerovo Airport,Russia,KVR,44.2726,135.029,730,N,Asia/Vladivostok
3394,Longdongbao Airport,China,KWE,26.53849983,106.8010025,3736,U,Asia/Shanghai
2176,Kuwait International Airport,Kuwait,KWI,29.22660065,47.96889877,206,U,Asia/Kuwait
2361,Gwangju Airport,South Korea,KWJ,35.123173,126.805444,39,U,Asia/Seoul
3372,Guilin Liangjiang International Airport,China,KWL,25.21809959,110.0390015,570,U,Asia/Shanghai
6097,Komsomolsk-on-Amur Airport,Russia,KXK,50.4090004,136.9340057,92,N,Asia/Vladivostok
2267,Lanyu Airport,Taiwan,KYD,22.02700043,121.5350037,44,U,Asia/Taipei
2178,Rene Mouawad Air Base,Lebanon,KYE,34.58929825,36.01129913,75,E,Asia/Beirut
3217,Kyaukpyu Airport,Burma,KYP,19.42639923,93.53479767,20,U,Asia/Rangoon
6118,Kyzyl Airport,Russia,KYZ,51.66939926,94.40059662,2123,N,Asia/Krasnoyarsk
3033,Kampong Chhnang Airport,Cambodia,KZC,12.25520039,104.564003,56,U,Asia/Phnom_Penh
4358,Kzyl-Orda Southwest Airport,Kazakhstan,KZO,44.706902,65.592499,433,U,Asia/Qyzylorda
4202,Laoag International Airport,Philippines,LAO,18.17810059,120.5319977,25,N,Asia/Manila
6147,Khudzhand Airport,Tajikistan,LBD,40.2154007,69.69470215,1450,U,Asia/Dushanbe
3917,Komodo Airport,Indonesia,LBJ,-8.48666,119.889,66,N,Asia/Makassar
3270,Labuan Airport,Malaysia,LBU,5.300680161,115.25,101,N,Asia/Kuala_Lumpur
6232,Long Bawan Airport,Indonesia,LBW,3.9028,115.6921,3165,N,Asia/Makassar
7560,Lubang Airport,Philippines,LBX,13.85540009,120.1050034,43,N,Asia/Manila
7504,Longyan Guanzhishan Airport,China,LCX,25.67469978,116.7470016,1225,U,Asia/Shanghai
4172,Lamidanda Airport,Nepal,LDN,27.25309944,86.66999817,4100,N,Asia/Katmandu
9848,Lindu Airport,China,LDS,47.75205556,129.019125,791,N,Asia/Shanghai
3268,Lahad Datu Airport,Malaysia,LDU,5.032249928,118.3239975,45,N,Asia/Kuala_Lumpur
2156,Lamerd Airport,Iran,LFM,27.37269974,53.18880081,1337,E,Asia/Tehran
3305,Langkawi International Airport,Malaysia,LGK,6.329730034,99.72869873,29,N,Asia/Kuala_Lumpur
6215,Long Lellang Airport,Malaysia,LGL,3.421000004,115.1539993,1400,N,Asia/Kuala_Lumpur
4203,Legazpi City International Airport,Philippines,LGP,13.1575,123.735,66,N,Asia/Manila
2207,Alama Iqbal International Airport,Pakistan,LHE,31.52160072,74.4036026,712,N,Asia/Karachi
3378,Lanzhou Zhongchuan Airport,China,LHW,36.51520157,103.6200027,6388,U,Asia/Shanghai
9868,Mulia Airport,Indonesia,LII,-3.7018,137.957,6527,N,Asia/Jayapura
6199,Loikaw Airport,Burma,LIW,19.69149971,97.21479797,2940,U,Asia/Rangoon
4033,Lijiang Airport,China,LJG,26.68000031,100.2460022,0,U,Asia/Shanghai
6769,Long Akah Airport,Malaysia,LKH,3.299999952,114.7829971,289,N,Asia/Kuala_Lumpur
3105,Chaudhary Charan Singh International Airport,India,LKO,26.76059914,80.88929749,410,N,Asia/Calcutta
8845,Lingling Airport,China,LLF,26.338661,111.610043,340,U,Asia/Shanghai
8774,Lankaran International Airport,Azerbaijan,LLK,38.74639893,48.81800079,30,U,Asia/Baku
9308,Lüliang Airport,China,LLV,37.683333,111.142778,0,N,Asia/Shanghai
3264,Limbang Airport,Malaysia,LMN,4.808300018,115.0100021,14,N,Asia/Kuala_Lumpur
7527,Lintsang Airfield,China,LNJ,23.73810005,100.0250015,6230,U,Asia/Shanghai
3186,Loei Airport,Thailand,LOE,17.43910027,101.7220001,860,U,Asia/Bangkok
8401,Lombok International Airport,Indonesia,LOP,-8.757322,116.276675,319,N,Asia/Makassar
3115,Luang Phabang International Airport,Laos,LPQ,19.89730072,102.1610031,955,U,Asia/Vientiane
3163,Lampang Airport,Thailand,LPT,18.27090073,99.5042038,811,U,Asia/Bangkok
6234,Long Apung Airport,Indonesia,LPU,1.704486,114.970297,627,N,Asia/Makassar
5934,Lar Airport,Iran,LRR,27.67469978,54.38330078,2641,E,Asia/Tehran
3220,Lashio Airport,Burma,LSH,22.97789955,97.75219727,2450,U,Asia/Rangoon
6229,Malikus Saleh Airport,Indonesia,LSW,5.226679802,96.95030212,90,N,Asia/Jakarta
3292,Lhok Sukon Airport,Indonesia,LSX,5.069509983,97.25920105,28,N,Asia/Jakarta
6370,Altai Airport,Mongolia,LTI,46.37639999,96.22109985,7260,U,Asia/Ulaanbaatar
2239,Bassel Al-Assad International Airport,Syria,LTK,35.40110016,35.94869995,157,E,Asia/Damascus
4170,Lukla Airport,Nepal,LUA,27.68689919,86.72969818,9380,N,Asia/Katmandu
3103,Ludhiana Airport,India,LUH,30.85470009,75.95259857,834,N,Asia/Calcutta
6376,Mangshi Airport,China,LUM,24.4011,98.5317,2890,U,Asia/Shanghai
6212,Dumatumbun Airport,Indonesia,LUV,-5.66162014,132.7310028,10,N,Asia/Jayapura
3254,Syukuran Aminuddin Amir Airport,Indonesia,LUW,-1.03892,122.772003,56,N,Asia/Makassar
2113,Lavan Island Airport,Iran,LVP,26.81030083,53.35630035,76,E,Asia/Tehran
3965,Gyumri Shirak Airport,Armenia,LWN,40.75040054,43.85929871,5000,E,Asia/Yerevan
6219,Lawas Airport,Malaysia,LWY,4.84917,115.407997,5,N,Asia/Kuala_Lumpur
4097,Lhasa Gonggar Airport,China,LXA,29.29780006,90.91190338,11713,U,Asia/Shanghai
4142,Luang Namtha Airport,Laos,LXG,20.966999,101.400002,1968,U,Asia/Vientiane
4148,Luoyang Airport,China,LYA,34.74110031,112.3880005,840,U,Asia/Shanghai
6383,Lianyungang Airport,China,LYG,34.571667,118.873611,0,U,Asia/Shanghai
6385,Shubuling Airport,China,LYI,35.04610062,118.4120026,0,U,Asia/Shanghai
2202,Faisalabad International Airport,Pakistan,LYP,31.36499977,72.99479675,591,N,Asia/Karachi
6356,Liuzhou Bailian Airport,China,LZH,24.2075,109.390999,295,U,Asia/Shanghai
5991,Matsu Nangan Airport,Taiwan,LZN,26.1598,119.958,232,U,Asia/Taipei
6399,Luzhou Airport,China,LZO,28.85219955,105.3929977,0,U,Asia/Shanghai
6402,Nyingchi Airport,China,LZY,29.30330086,94.33529663,9675,U,Asia/Shanghai
3144,Chennai International Airport,India,MAA,12.99000549,80.16929626,52,N,Asia/Calcutta
6186,Mae Sot Airport,Thailand,MAQ,16.69989967,98.54509735,690,U,Asia/Bangkok
2298,Monbetsu Airport,Japan,MBE,44.30390167,143.404007,80,U,Asia/Tokyo
2411,Mamburao Airport,Philippines,MBO,13.20810032,120.6050034,13,N,Asia/Manila
6025,Moises R. Espinosa Airport,Philippines,MBT,12.369682,123.630095,49,N,Asia/Manila
2194,Muscat International Airport,Oman,MCT,23.59329987,58.28440094,48,U,Asia/Muscat
3250,Sam Ratulangi Airport,Indonesia,MDC,1.54926002,124.9260025,264,N,Asia/Makassar
3402,Mudanjiang Hailang International Airport,China,MDG,44.52410126,129.5690002,883,U,Asia/Shanghai
3222,Mandalay International Airport,Burma,MDL,21.70219994,95.97789764,300,U,Asia/Rangoon
2074,Prince Mohammad Bin Abdulaziz Airport,Saudi Arabia,MED,24.5534,39.705101,2151,U,Asia/Riyadh
3279,Soewondo Air Force Base,Indonesia,MES,3.559167,98.671111,114,N,Asia/Jakarta
6181,Meghauli Airport,Nepal,MEY,27.5774,84.22875,600,N,Asia/Katmandu
2210,Muzaffarabad Airport,Pakistan,MFG,34.3390007,73.50859833,2691,N,Asia/Karachi
5993,Matsu Beigan Airport,Taiwan,MFK,26.224199,120.002998,41,U,Asia/Taipei
3121,Macau International Airport,Macau,MFM,22.149599,113.592003,20,U,Asia/Macau
3223,Myeik Airport,Burma,MGZ,12.43980026,98.62149811,75,U,Asia/Rangoon
4331,Mashhad International Airport,Iran,MHD,36.23519897,59.64099884,3263,E,Asia/Tehran
6400,Mianyang Airport,China,MIG,31.42810059,104.7409973,0,U,Asia/Shanghai
1604,Ramon Air Base,Israel,MIP,30.77610016,34.66669846,2126,E,Asia/Jerusalem
2212,Moenjodaro Airport,Pakistan,MJD,27.33519936,68.14309692,154,N,Asia/Karachi
2925,Mirny Airport,Russia,MJZ,62.53469849,114.0390015,1156,N,Asia/Yakutsk
6217,Mukah Airport,Malaysia,MKM,2.90639,112.080002,13,N,Asia/Kuala_Lumpur
3246,Mopah Airport,Indonesia,MKQ,-8.520290375,140.4179993,10,N,Asia/Jayapura
3260,Rendani Airport,Indonesia,MKW,-0.891833007,134.048996,23,N,Asia/Jayapura
3306,Malacca Airport,Malaysia,MKZ,2.263360024,102.2519989,35,N,Asia/Kuala_Lumpur
3894,Abdul Rachman Saleh Airport,Indonesia,MLG,-7.926559925,112.7149963,1726,N,Asia/Jakarta
2290,Memanbetsu Airport,Japan,MMB,43.88059998,144.1640015,135,U,Asia/Tokyo
2389,Minami-Daito Airport,Japan,MMD,25.8465004,131.2630005,167,U,Asia/Tokyo
2280,Matsumoto Airport,Japan,MMJ,36.16680145,137.9230042,2182,U,Asia/Tokyo
2390,Miyako Airport,Japan,MMY,24.78280067,125.2949982,150,U,Asia/Tokyo
2052,Maimana Airport,Afghanistan,MMZ,35.93080139,64.7609024,2743,U,Asia/Kabul
2397,Ninoy Aquino International Airport,Philippines,MNL,14.5086,121.019997,75,N,Asia/Manila
6200,Mawlamyine Airport,Burma,MNU,16.44470024,97.66069794,52,U,Asia/Rangoon
3226,Momeik Airport,Burma,MOE,23.09250069,96.64530182,600,U,Asia/Rangoon
3913,Maumere(Wai Oti) Airport,Indonesia,MOF,-8.640649796,122.2369995,115,N,Asia/Makassar
3227,Mong Hsat Airport,Burma,MOG,20.51679993,99.25679779,1875,U,Asia/Rangoon
2426,Godofredo P. Ramos Airport,Philippines,MPH,11.9245,121.954002,7,N,Asia/Manila
6004,Mokpo Heliport,South Korea,MPK,34.75889969,126.3799973,23,U,Asia/Seoul
2969,Magnitogorsk International Airport,Russia,MQF,53.39310074,58.75569916,1430,N,Asia/Yekaterinburg
8746,Moma Airport,Russia,MQJ,66.450861,143.261551,656,N,Asia/Srednekolymsk
6791,Marinduque Airport,Philippines,MRQ,13.36100006,121.8259964,32,N,Asia/Manila
2103,Mahshahr Airport,Iran,MRX,30.55620003,49.15190125,8,E,Asia/Tehran
2193,Masirah Air Base,Oman,MSH,20.67539978,58.89049911,64,U,Asia/Muscat
2346,Misawa Air Base,Japan,MSJ,40.70320129,141.3679962,119,U,Asia/Tokyo
1600,Bar Yehuda Airfield,Israel,MTZ,31.32819939,35.3885994,-1266,E,Asia/Jerusalem
3265,Marudi Airport,Malaysia,MUR,4.178979874,114.3290024,103,N,Asia/Kuala_Lumpur
2282,Minami Torishima Airport,Japan,MUS,24.28969955,153.9790039,22,U,Asia/Tokyo
2214,Multan International Airport,Pakistan,MUX,30.20319939,71.4190979,403,N,Asia/Karachi
2211,Mianwali Air Base,Pakistan,MWD,32.56309891,71.5707016,690,N,Asia/Karachi
7536,Tarempa Airport,Indonesia,MWK,3.348119974,106.2580032,10,N,Asia/Jakarta
4151,Magway Airport,Burma,MWQ,20.1656,94.941399,279,U,Asia/Rangoon
4189,Muan International Airport,South Korea,MWX,34.991406,126.382814,35,U,Asia/Seoul
3887,Andi Jemma Airport,Indonesia,MXB,-2.55803,120.323997,164,N,Asia/Makassar
6374,Mörön Airport,Mongolia,MXV,49.66329956,100.098999,4272,U,Asia/Ulaanbaatar
6354,Meixian Airport,China,MXZ,24.35000038,116.1330032,0,U,Asia/Shanghai
6002,Miyakejima Airport,Japan,MYE,34.07360077,139.5599976,67,U,Asia/Tokyo
2333,Matsuyama Airport,Japan,MYJ,33.82720184,132.6999969,25,U,Asia/Tokyo
6859,Mary Airport,Turkmenistan,MYP,37.6194,61.896702,728,U,Asia/Ashgabat
7774,Mysore Airport,India,MYQ,12.23,76.655833,2349,U,Asia/Calcutta
3224,Myitkyina Airport,Burma,MYT,25.38360023,97.35189819,475,U,Asia/Rangoon
3266,Miri Airport,Malaysia,MYY,4.32201004,113.9869995,59,N,Asia/Kuala_Lumpur
2272,Makung Airport,Taiwan,MZG,23.56870079,119.6279984,103,U,Asia/Taipei
2053,Mazar I Sharif Airport,Afghanistan,MZR,36.70690155,67.20970154,1284,U,Asia/Kabul
3058,Muzaffarpur Airport,India,MZU,26.11910057,85.31369781,174,N,Asia/Calcutta
4056,Mulu Airport,Malaysia,MZV,4.04832983,114.8050003,80,N,Asia/Kuala_Lumpur
3015,Dr. Babasaheb Ambedkar International Airport,India,NAG,21.09219933,79.04720306,1033,N,Asia/Calcutta
3886,Naha Airport,Indonesia,NAH,3.683209896,125.5279999,16,N,Asia/Makassar
6090,Nakhchivan Airport,Azerbaijan,NAJ,39.18880081,45.45840073,2863,E,Asia/Baku
3935,Nakhon Ratchasima Airport,Thailand,NAK,14.94950008,102.3130035,765,U,Asia/Bangkok
6401,Nanchong Airport,China,NAO,30.79545,106.1626,0,U,Asia/Shanghai
3173,Narathiwat Airport,Thailand,NAW,6.519919872,101.7429962,16,U,Asia/Bangkok
6341,Beijing Nanyuan Airport,China,NAY,39.78279877,116.3880005,0,U,Asia/Shanghai
8826,Changbaishan Airport,China,NBS,42.066944,127.602222,2874,N,Asia/Shanghai
3242,Nabire Airport,Indonesia,NBX,-3.36818,135.496002,20,N,Asia/Jayapura
6151,Nukus Airport,Uzbekistan,NCU,42.48839951,59.62329865,246,U,Asia/Samarkand
6761,Nanded Airport,India,NDC,19.18330002,77.3167038,1250,N,Asia/Calcutta
6413,Qiqihar Sanjiazi Airport,China,NDG,47.23960114,123.9179993,477,U,Asia/Shanghai
6091,Chulman Airport,Russia,NER,56.91389847,124.9140015,2812,N,Asia/Yakutsk
3119,Sam Neua Airport,Laos,NEU,20.41839981,104.0670013,3281,U,Asia/Vientiane
6145,Nefteyugansk Airport,Russia,NFG,61.10829926,72.65000153,115,N,Asia/Yekaterinburg
3387,Ningbo Lishe International Airport,China,NGB,29.82670021,121.461998,13,U,Asia/Shanghai
3942,Chubu Centrair International Airport,Japan,NGO,34.85839844,136.8049927,15,U,Asia/Tokyo
7932,Ngari Gunsa Airport,China,NGQ,32.1,80.05305556,14022,N,Asia/Shanghai
2313,Nagasaki Airport,Japan,NGS,32.91690063,129.9140015,15,U,Asia/Tokyo
4174,Manang Airport,Nepal,NGX,28.641399,84.089203,11001,N,Asia/Katmandu
3200,Nha Trang Air Base,Vietnam,NHA,12.2275,109.192001,20,U,Asia/Saigon
7853,Al Minhad Air Base,United Arab Emirates,NHD,25.02680016,55.36619949,165,U,Asia/Dubai
2350,Atsugi Naval Air Facility,Japan,NJA,35.45460129,139.4499969,205,U,Asia/Tokyo
2972,Nizhnevartovsk Airport,Russia,NJC,60.94929886,76.4835968,177,N,Asia/Yekaterinburg
7490,Al Najaf International Airport,Iraq,NJF,31.989853,44.404317,103,U,Asia/Baghdad
3388,Nanjing Lukou Airport,China,NKG,31.74200058,118.8619995,49,U,Asia/Shanghai
5997,Nagoya Airport,Japan,NKM,35.25500107,136.923996,52,U,Asia/Tokyo
9386,Xinyuan Nalati Airport,China,NLT,43.4318,83.3786,3050,U,Asia/Shanghai
6150,Namangan Airport,Uzbekistan,NMA,40.98460007,71.55670166,1555,U,Asia/Samarkand
3004,Daman Airport,India,NMB,20.43440056,72.84320068,33,N,Asia/Calcutta
3229,Namsang Airport,Burma,NMS,20.89049911,97.73590088,3100,U,Asia/Rangoon
8130,Namtu Airport,Burma,NMT,23.083,97.383003,2000,N,Asia/Rangoon
3373,Nanning Wuxu Airport,China,NNG,22.60829926,108.1719971,421,U,Asia/Shanghai
4131,Nan Airport,Thailand,NNT,18.80789948,100.7829971,685,U,Asia/Bangkok
6233,Nunukan Airport,Indonesia,NNX,4.133333333,117.6666667,30,N,Asia/Makassar
6359,Nanyang Jiangying Airport,China,NNY,32.980801,112.614998,840,U,Asia/Shanghai
4365,Noyabrsk Airport,Russia,NOJ,63.18330002,75.26999664,446,N,Asia/Yekaterinburg
6119,Spichenkovo Airport,Russia,NOZ,53.811401,86.877197,1024,N,Asia/Krasnoyarsk
3281,Nanga Pinoh Airport,Indonesia,NPO,-0.348868996,111.7480011,123,N,Asia/Jakarta
2279,Narita International Airport,Japan,NRT,35.76470184,140.3860016,141,U,Asia/Tokyo
5932,Noshahr Airport,Iran,NSH,36.66329956,51.46469879,-61,E,Asia/Tehran
4352,Norilsk-Alykel Airport,Russia,NSK,69.31109619,87.3321991,574,N,Asia/Krasnoyarsk
3933,Nakhon Si Thammarat Airport,Thailand,NST,8.539620399,99.94470215,13,U,Asia/Bangkok
9872,Stenkol Airport,Indonesia,NTI,-2.1033,133.5164,57,N,Asia/Jayapura
3409,Noto Airport,Japan,NTQ,37.29309845,136.9620056,718,U,Asia/Tokyo
6225,Ranai Airport,Indonesia,NTX,3.90871,108.388,7,N,Asia/Jakarta
4364,Novy Urengoy Airport,Russia,NUX,66.06939697,76.52030182,210,N,Asia/Yekaterinburg
6485,Navoi Airport,Uzbekistan,NVI,40.11719894,65.17079926,0,E,Asia/Samarkand
6139,Nyagan Airport,Russia,NYA,62.110001,65.614998,361,N,Asia/Yekaterinburg
6143,Nadym Airport,Russia,NYM,65.48090363,72.69889832,49,N,Asia/Yekaterinburg
6949,Naypyidaw Airport,Burma,NYT,19.623501,96.200996,302,U,Asia/Rangoon
3209,Bagan Airport,Burma,NYU,21.17880058,94.93019867,312,U,Asia/Rangoon
7906,Monywar Airport,Burma,NYW,22.221638,95.093479,298,N,Asia/Rangoon
6954,Manzhouli Xijiao Airport,China,NZH,49.566667,117.33,2231,U,Asia/Shanghai
8267,Shank Air Base,Afghanistan,OAA,33.9225,69.07722222,6890,N,Asia/Kabul
2054,Shindand Airport,Afghanistan,OAH,33.3913002,62.26100159,3773,U,Asia/Kabul
7036,Bagram Air Base,Afghanistan,OAI,34.94609833,69.26499939,4895,U,Asia/Kabul
8146,Sharana Airstrip,Afghanistan,OAS,33.12575,68.838517,7340,N,Asia/Kabul
7868,Camp Bastion Airport,Afghanistan,OAZ,31.86380005,64.22460175,2943,N,Asia/Kabul
2286,Tokachi-Obihiro Airport,Japan,OBO,42.73329926,143.2169952,505,U,Asia/Tokyo
6216,Long Seridan Airport,Malaysia,ODN,3.967000008,115.0500031,607,N,Asia/Kuala_Lumpur
8944,Bodaybo Airport,Russia,ODO,57.86610031,114.2429962,919,N,Asia/Irkutsk
4143,Oudomsay Airport,Laos,ODY,20.6826992,101.9940033,1804,N,Asia/Vientiane
2396,Yonaguni Airport,Japan,OGN,24.46689987,122.9779968,70,U,Asia/Tokyo
6943,Gu-Lian Airport,China,OHE,52.91277778,122.43,1836,U,Asia/Shanghai
6099,Okhotsk Airport,Russia,OHO,59.4100647,143.0565033,0,N,Asia/Vladivostok
2356,Oshima Airport,Japan,OIM,34.7820015,139.3600006,130,U,Asia/Tokyo
2300,Okushiri Airport,Japan,OIR,42.07170105,139.4329987,161,U,Asia/Tokyo
2310,Oita Airport,Japan,OIT,33.47940063,131.7369995,19,U,Asia/Tokyo
2384,Naha Airport,Japan,OKA,26.19580078,127.6460037,12,N,Asia/Tokyo
5995,Okadama Airport,Japan,OKD,43.117447,141.38134,25,U,Asia/Tokyo
2317,Okierabu Airport,Japan,OKE,27.42550087,128.701004,101,U,Asia/Tokyo
2323,Oki Airport,Japan,OKI,36.18109894,133.3249969,311,U,Asia/Tokyo
2327,Okayama Airport,Japan,OKJ,34.75690079,133.8549957,806,U,Asia/Tokyo
2360,Yokota Air Base,Japan,OKO,35.74850082,139.3480072,463,U,Asia/Tokyo
9378,Olyokminsk Airport,Russia,OLZ,60.397499,120.471001,656,N,Asia/Yakutsk
6726,Ormoc Airport,Philippines,OMC,11.05799961,124.5650024,83,N,Asia/Manila
2175,King Hussein Air College,Jordan,OMF,32.3564,36.259201,2240,E,Asia/Amman
5936,Urmia Airport,Iran,OMH,37.66809845,45.06869888,4343,E,Asia/Tehran
2102,Omidiyeh Airport,Iran,OMI,30.83519936,49.53490067,85,E,Asia/Tehran
2958,Omsk Central Airport,Russia,OMS,54.96699905,73.3105011,311,N,Asia/Omsk
6000,Odate Noshiro Airport,Japan,ONJ,40.19189835,140.3710022,292,U,Asia/Tokyo
7475,Olenyok Airport,Russia,ONK,68.514999,112.480003,847,N,Asia/Yakutsk
5947,Ormara Airport,Pakistan,ORW,25.27470016,64.58599854,10,N,Asia/Karachi
7548,Mosul International Airport,Iraq,OSM,36.305801,43.1474,719,U,Asia/Baghdad
2377,Osan Air Base,South Korea,OSN,37.090599,127.029999,38,U,Asia/Seoul
2913,Osh Airport,Kyrgyzstan,OSS,40.60900116,72.79329681,2927,U,Asia/Bishkek
6164,Orsk Airport,Russia,OSW,51.07249832,58.59560013,909,N,Asia/Yekaterinburg
3252,Pitu Airport,Indonesia,OTI,2.04598999,128.3249969,49,N,Asia/Jayapura
4078,Tolmachevo Airport,Russia,OVB,55.01259995,82.65070343,365,N,Asia/Krasnoyarsk
6140,Sovetskiy Airport,Russia,OVS,61.32662201,63.60191345,351,N,Asia/Yekaterinburg
4204,Labo Airport,Philippines,OZC,8.178509712,123.8420029,75,N,Asia/Manila
3230,Hpa-N Airport,Burma,PAA,16.89369965,97.67459869,150,U,Asia/Rangoon
2998,Bilaspur Airport,India,PAB,21.9884,82.111,899,N,Asia/Calcutta
2401,Pagadian Airport,Philippines,PAG,7.830731448,123.4611797,5,N,Asia/Manila
5948,Parachinar Airport,Pakistan,PAJ,33.90209961,70.07160187,5800,N,Asia/Karachi
3176,Pattani Airport,Thailand,PAN,6.785459995,101.1539993,8,U,Asia/Bangkok
3061,Lok Nayak Jayaprakash Airport,India,PAT,25.59129906,85.08799744,170,N,Asia/Calcutta
3018,Porbandar Airport,India,PBD,21.64870071,69.65720367,23,N,Asia/Calcutta
3155,Paro Airport,Bhutan,PBH,27.40320015,89.42459869,7332,N,Asia/Thimphu
3232,Putao Airport,Burma,PBU,27.32990074,97.42630005,1500,U,Asia/Rangoon
3900,Pondok Cabe Air Base,Indonesia,PCB,-6.336959839,106.7649994,200,N,Asia/Jakarta
3278,Minangkabau International Airport,Indonesia,PDG,-0.786917,100.280998,18,N,Asia/Jakarta
6228,Pendopo Airport,Indonesia,PDO,-3.286070108,103.8799973,184,N,Asia/Jakarta
2973,Bolshoye Savino Airport,Russia,PEE,57.91450119,56.02119827,404,N,Asia/Yekaterinburg
3364,Beijing Capital International Airport,China,PEK,40.08010101,116.5849991,116,U,Asia/Shanghai
3308,Penang International Airport,Malaysia,PEN,5.297140121,100.2770004,11,N,Asia/Kuala_Lumpur
2219,Peshawar International Airport,Pakistan,PEW,33.9939003,71.51460266,1158,N,Asia/Karachi
6749,Parsabade Moghan Airport,Iran,PFQ,39.60359955,47.88150024,251,E,Asia/Tehran
3108,Pantnagar Airport,India,PGH,29.03339958,79.47370148,769,N,Asia/Calcutta
3905,Pangkal Pinang (Depati Amir) Airport,Indonesia,PGK,-2.162199974,106.1389999,109,N,Asia/Jakarta
7546,Persian Gulf International Airport,Iran,PGU,27.379601,52.737701,27,U,Asia/Tehran
7700,Phan Rang Airport,Vietnam,PHA,11.6335001,108.9520035,101,N,Asia/Saigon
3170,Phitsanulok Airport,Thailand,PHS,16.78289986,100.2789993,154,U,Asia/Bangkok
4299,Phetchabun Airport,Thailand,PHY,16.6760006,101.1949997,450,U,Asia/Bangkok
2274,Pingtung North Airport,Taiwan,PIF,22.70019913,120.4820023,97,U,Asia/Taipei
2217,Panjgur Airport,Pakistan,PJG,26.9545002,64.13249969,3289,N,Asia/Karachi
2932,Yelizovo Airport,Russia,PKC,53.16790009,158.4539948,131,N,Asia/Anadyr
6230,Pulau Pangkor Airport,Malaysia,PKG,4.244719982,100.5530014,19,N,Asia/Kuala_Lumpur
6202,Pakhokku Airport,Burma,PKK,21.4043,95.11125,151,U,Asia/Rangoon
3910,Iskandar Airport,Indonesia,PKN,-2.705199957,111.6729965,75,N,Asia/Jakarta
3127,Pokhara Airport,Nepal,PKR,28.20089912,83.98210144,2712,N,Asia/Katmandu
3273,Sultan Syarif Kasim Ii (Simpang Tiga) Airport,Indonesia,PKU,0.460786015,101.4449997,102,N,Asia/Jakarta
3911,Tjilik Riwut Airport,Indonesia,PKY,-2.225130081,113.9430008,82,N,Asia/Jakarta
3116,Pakse International Airport,Laos,PKZ,15.13210011,105.7809982,351,U,Asia/Vientiane
3289,Sultan Mahmud Badaruddin II Airport,Indonesia,PLM,-2.898250103,104.6999969,49,N,Asia/Jakarta
3249,Mutiara Airport,Indonesia,PLW,-0.918542027,119.9100037,284,N,Asia/Makassar
2918,Semipalatinsk Airport,Kazakhstan,PLX,50.351295,80.234398,761,U,Asia/Qyzylorda
2240,Palmyra Airport,Syria,PMS,34.5574,38.316898,1322,E,Asia/Damascus
3034,Phnom Penh International Airport,Cambodia,PNH,11.54660034,104.8440018,40,U,Asia/Phnom_Penh
3284,Supadio Airport,Indonesia,PNK,-0.150711,109.4039993,10,N,Asia/Jakarta
3017,Pune Airport,India,PNQ,18.58209991,73.91970062,1942,N,Asia/Calcutta
3147,Pondicherry Airport,India,PNY,11.968,79.812,134,N,Asia/Calcutta
6084,Petropavlosk South Airport,Kazakhstan,PPK,54.77470016,69.18389893,453,U,Asia/Qyzylorda
4175,Phaplu Airport,Nepal,PPL,27.517787,86.584454,7918,N,Asia/Katmandu
2433,Puerto Princesa Airport,Philippines,PPS,9.742119789,118.7590027,71,N,Asia/Manila
3204,Phu Quoc International Airport,Vietnam,PQC,10.1698,103.9931,37,U,Asia/Saigon
3164,Phrae Airport,Thailand,PRH,18.13220024,100.1650009,538,U,Asia/Bangkok
3233,Pyay Airport,Burma,PRU,18.82449913,95.26599884,120,U,Asia/Rangoon
2218,Pasni Airport,Pakistan,PSI,25.29050064,63.3451004,33,N,Asia/Karachi
3251,Kasiguncu Airport,Indonesia,PSJ,-1.416749954,120.6579971,174,N,Asia/Makassar
6226,Pangsuma Airport,Indonesia,PSU,0.835578024,112.9369965,297,N,Asia/Jakarta
2372,Gimhae International Airport,South Korea,PUS,35.17950058,128.9380035,6,U,Asia/Seoul
3406,Shanghai Pudong International Airport,China,PVG,31.14340019,121.8050003,13,U,Asia/Shanghai
2929,Provideniya Bay Airport,Russia,PVS,64.37809753,-173.2429962,72,N,Asia/Anadyr
2917,Pavlodar Airport,Kazakhstan,PWQ,52.19499969,77.07389832,410,U,Asia/Qyzylorda
3185,Surin Airport,Thailand,PXR,14.86830044,103.4980011,478,U,Asia/Bangkok
6194,Pleiku Airport,Vietnam,PXU,14.00450039,108.0169983,2434,U,Asia/Saigon
6092,Polyarny Airport,Russia,PYJ,66.40039825,112.0299988,1660,N,Asia/Yakutsk
4159,Mae Hong Son Airport,Thailand,PYY,19.37199974,98.43699646,1271,U,Asia/Bangkok
2233,Zhob Airport,Pakistan,PZH,31.35840034,69.46360016,4728,N,Asia/Karachi
6435,Bao'anying Airport,China,PZI,26.54,101.79852,1620,N,Asia/Shanghai
2320,Gifu Airport,Japan,QGU,35.39410019,136.8699951,128,U,Asia/Tokyo
2070,Jubail Airport,Saudi Arabia,QJB,27.03899956,49.40510178,26,U,Asia/Riyadh
3313,Paya Lebar Air Base,Singapore,QPG,1.360419989,103.9100037,65,N,Asia/Singapore
2084,Arar Domestic Airport,Saudi Arabia,RAE,30.90660095,41.13819885,1813,U,Asia/Riyadh
2081,Rafha Domestic Airport,Saudi Arabia,RAH,29.62639999,43.49060059,1474,U,Asia/Riyadh
3019,Rajkot Airport,India,RAJ,22.30920029,70.77950287,441,N,Asia/Calcutta
2123,Sardar-e-Jangal Airport,Iran,RAS,37.323333,49.617778,-40,E,Asia/Tehran
6144,Raduzhny Airport,Russia,RAT,62.15859985,77.3289032,250,N,Asia/Yekaterinburg
2225,Rawalakot Airport,Pakistan,RAZ,33.84970093,73.79810333,5479,N,Asia/Karachi
4295,Ratanakiri Airport,Cambodia,RBE,13.72999954,106.9869995,0,U,Asia/Phnom_Penh
4013,LTS Pulau Redang Airport,Malaysia,RDN,5.76527977,103.0070038,36,N,Asia/Kuala_Lumpur
2991,Orenburg Central Airport,Russia,REN,51.79579926,55.45669937,387,N,Asia/Yekaterinburg
3035,Siem Reap International Airport,Cambodia,REP,13.41069984,103.8130035,60,U,Asia/Phnom_Penh
8740,Gorno-Altaysk Airport,Russia,RGK,51.96670151,85.83329773,965,N,Asia/Krasnoyarsk
3239,Yangon International Airport,Burma,RGN,16.90730095,96.1332016,109,U,Asia/Rangoon
8830,Orang Airport,North Korea,RGO,41.428538,129.647555,12,U,Asia/Pyongyang
3291,Japura Airport,Indonesia,RGT,-0.352807999,102.3349991,62,N,Asia/Jakarta
6991,Ramechhap Airport,Nepal,RHP,27.3939991,86.06140137,1555,U,Asia/Katmandu
2301,Rishiri Airport,Japan,RIS,45.24200058,141.1860046,112,U,Asia/Tokyo
3974,Mukalla International Airport,Yemen,RIY,14.66259956,49.375,54,U,Asia/Aden
3148,Rajahmundry Airport,India,RJA,17.11039925,81.81819916,151,N,Asia/Calcutta
3072,Shah Mokhdum Airport,Bangladesh,RJH,24.43720055,88.61650085,64,U,Asia/Dhaka
5929,Rafsanjan Airport,Iran,RJN,30.29770088,56.05110168,5298,E,Asia/Tehran
2190,Ras Al Khaimah International Airport,United Arab Emirates,RKT,25.6135006,55.93880081,102,U,Asia/Dubai
8442,Shigatse Air Base,China,RKZ,29.3519,89.311401,3782,N,Asia/Shanghai
8630,Bayannur Tianjitai Airport,China,RLK,40.926,107.7428,3400,U,Asia/Shanghai
3027,Colombo Ratmalana Airport,Sri Lanka,RML,6.821990013,79.88619995,22,U,Asia/Colombo
2268,Taichung Ching Chuang Kang Airport,Taiwan,RMQ,24.26469994,120.6210022,663,N,Asia/Taipei
2394,Yoron Airport,Japan,RNJ,27.04400063,128.4019928,52,U,Asia/Tokyo
4132,Roi Et Airport,Thailand,ROI,16.11680031,103.7740021,451,U,Asia/Bangkok
1598,Ben Ya'akov Airport,Israel,RPN,32.98099899,35.57189941,922,E,Asia/Jerusalem
3020,Raipur Airport,India,RPR,21.180401,81.7388,1041,N,Asia/Calcutta
3064,Rourkela Airport,India,RRK,22.256701,84.814598,659,N,Asia/Calcutta
2365,Yeosu Airport,South Korea,RSU,34.84230042,127.6169968,53,U,Asia/Seoul
3915,Frans Sales Lega Airport,Indonesia,RTG,-8.597009659,120.4769974,3510,N,Asia/Makassar
2144,Shahroud Airport,Iran,RUD,36.4253006,55.10419846,4215,E,Asia/Tehran
2082,King Khaled International Airport,Saudi Arabia,RUH,24.95759964,46.69879913,2049,U,Asia/Riyadh
4179,Rukum Chaurjahari Airport,Nepal,RUK,28.627001,82.195,2500,N,Asia/Katmandu
4177,Rumjatar Airport,Nepal,RUM,27.30349922,86.55039978,4500,N,Asia/Katmandu
6026,Roxas Airport,Philippines,RXS,11.59770012,122.7519989,10,N,Asia/Manila
2222,Shaikh Zaid Airport,Pakistan,RYK,28.38389969,70.27960205,271,N,Asia/Karachi
8431,Cesar Lim Rodriguez Airport,Philippines,RZP,10.81874,119.507697,80,U,Asia/Manila
2151,Ramsar Airport,Iran,RZR,36.90990067,50.67959976,-70,E,Asia/Tehran
3980,Sana'a International Airport,Yemen,SAH,15.47630024,44.21969986,7216,U,Asia/Aden
3891,Maimun Saleh Airport,Indonesia,SBG,5.874129772,95.33969879,393,N,Asia/Jakarta
3267,Sibu Airport,Malaysia,SBW,2.261600018,111.9850006,122,N,Asia/Kuala_Lumpur
4367,Aktau Airport,Kazakhstan,SCO,43.8601,51.091999,73,U,Asia/Oral
3984,Socotra International Airport,Yemen,SCT,12.63070011,53.90579987,146,U,Asia/Aden
2117,Sanandaj Airport,Iran,SDG,35.2458992,47.00920105,4522,E,Asia/Tehran
2347,Sendai Airport,Japan,SDJ,38.13970184,140.9170074,15,U,Asia/Tokyo
4141,Sandakan Airport,Malaysia,SDK,5.900899887,118.0589981,46,N,Asia/Kuala_Lumpur
2342,Sado Airport,Japan,SDS,38.06019974,138.4140015,88,U,Asia/Tokyo
2228,Saidu Sharif Airport,Pakistan,SDT,34.81359863,72.35279846,3183,N,Asia/Karachi
1605,Sde Dov Airport,Israel,SDV,32.11470032,34.78219986,43,E,Asia/Jerusalem
6206,Senggeh Airport,Indonesia,SEH,-3.45,140.779,914,N,Asia/Jayapura
9091,Srednekolymsk Airport,Russia,SEK,67.4805,153.7364,60,N,Asia/Srednekolymsk
6020,San Fernando Airport,Philippines,SFE,16.59560013,120.3030014,13,N,Asia/Manila
6009,Subic Bay International Airport,Philippines,SFS,14.79440022,120.2710037,64,N,Asia/Manila
2974,Surgut Airport,Russia,SGC,61.34370041,73.40180206,200,N,Asia/Yekaterinburg
3205,Tan Son Nhat International Airport,Vietnam,SGN,10.81879997,106.6520004,33,U,Asia/Saigon
3175,Songkhla Airport,Thailand,SGZ,7.186560154,100.6080017,12,U,Asia/Bangkok
3391,Shanghai Hongqiao International Airport,China,SHA,31.19790077,121.3359985,10,U,Asia/Shanghai
2291,Nakashibetsu Airport,Japan,SHB,43.57749939,144.9600067,234,U,Asia/Tokyo
4144,Taoxian Airport,China,SHE,41.63980103,123.4830017,198,U,Asia/Shanghai
2392,Shimojishima Airport,Japan,SHI,24.82670021,125.1449966,54,U,Asia/Tokyo
2191,Sharjah International Airport,United Arab Emirates,SHJ,25.32859993,55.51720047,111,U,Asia/Dubai
6172,Shillong Airport,India,SHL,25.70359993,91.97869873,2910,N,Asia/Calcutta
2284,Nanki Shirahama Airport,Japan,SHM,33.66220093,135.3639984,298,U,Asia/Tokyo
6429,Shanhaiguan Airport,China,SHP,39.968102,119.731003,30,N,Asia/Shanghai
2086,Sharurah Airport,Saudi Arabia,SHW,17.46689987,47.12139893,2363,U,Asia/Riyadh
7052,Xi'an Xiguan Airport,China,SIA,34.376701,109.120003,0,U,Asia/Shanghai
3128,Simara Airport,Nepal,SIF,27.15950012,84.98010254,450,N,Asia/Katmandu
3316,Singapore Changi Airport,Singapore,SIN,1.35019,103.994003,22,N,Asia/Singapore
3907,Dabo Airport,Indonesia,SIQ,-0.479189008,104.5790024,95,N,Asia/Jakarta
2409,San Jose Airport,Philippines,SJI,12.36149979,121.0469971,14,N,Asia/Manila
6347,Shijiazhuang Daguocun International Airport,China,SJW,38.28070068,114.6969986,233,U,Asia/Shanghai
2981,Samarkand Airport,Uzbekistan,SKD,39.70050049,66.9838028,2224,U,Asia/Samarkand
4184,Surkhet Airport,Nepal,SKH,28.586,81.636002,2400,N,Asia/Katmandu
6776,Sialkot Airport,Pakistan,SKT,32.53555679,74.3638916,837,N,Asia/Karachi
2227,Sukkur Airport,Pakistan,SKZ,27.72200012,68.79170227,196,N,Asia/Karachi
2088,Sulayel Airport,Saudi Arabia,SLF,20.4647007,45.61959839,2021,U,Asia/Riyadh
2195,Salalah Airport,Oman,SLL,17.0387001,54.09130096,73,U,Asia/Muscat
6762,Shimla Airport,India,SLV,31.0818,77.068001,5072,N,Asia/Calcutta
6137,Salekhard Airport,Russia,SLY,66.59079742,66.61100006,218,N,Asia/Yekaterinburg
6211,Sampit(Hasan) Airport,Indonesia,SMQ,-2.499190092,112.9749985,50,N,Asia/Jakarta
3184,Sakon Nakhon Airport,Thailand,SNO,17.19510078,104.1190033,529,U,Asia/Bangkok
3236,Thandwe Airport,Burma,SNW,18.46069908,94.30010223,20,U,Asia/Rangoon
3929,Adi Sumarmo Wiryokusumo Airport,Indonesia,SOC,-7.516089916,110.7570038,421,N,Asia/Jakarta
3261,Dominique Edward Osok Airport,Indonesia,SOQ,-0.894,131.287,10,N,Asia/Jayapura
3073,Saidpur Airport,Bangladesh,SPD,25.75919914,88.9088974,125,U,Asia/Dhaka
6227,Sintang(Susilo) Airport,Indonesia,SQG,0.063619003,111.4729996,98,N,Asia/Jakarta
7701,Na-San Airport,Vietnam,SQH,21.21699905,104.0329971,2133,N,Asia/Saigon
3888,Soroako Airport,Indonesia,SQR,-2.531199932,121.3580017,1388,N,Asia/Makassar
3901,Achmad Yani Airport,Indonesia,SRG,-6.97273,110.375,10,N,Asia/Jakarta
3921,Temindung Airport,Indonesia,SRI,-0.484530985,117.1569977,33,N,Asia/Makassar
5933,Dasht-e Naz Airport,Iran,SRY,36.63579941,53.1935997,35,E,Asia/Tehran
3021,Solapur Airport,India,SSE,17.62800026,75.93479919,1584,N,Asia/Calcutta
2376,Seoul Air Base (K-16),South Korea,SSN,37.444744,127.112718,92,U,Asia/Seoul
3022,Surat Airport,India,STV,21.1140995,72.7417984,16,N,Asia/Calcutta
3928,Juanda International Airport,Indonesia,SUB,-7.379829884,112.7870026,9,N,Asia/Jakarta
6016,Surigao Airport,Philippines,SUG,9.755838326,125.4809475,20,N,Asia/Manila
6465,Sukhumi Dranda Airport,Georgia,SUI,42.85820007,41.12810135,53,N,Asia/Tbilisi
2229,Sui Airport,Pakistan,SUL,28.64509964,69.17690277,763,N,Asia/Karachi
9821,Suntar Airport,Russia,SUY,62.18500137,117.6350021,452,N,Asia/Yakutsk
2975,Koltsovo Airport,Russia,SVX,56.74309921,60.80270004,764,N,Asia/Yekaterinburg
4302,Jieyang Chaoshan International Airport,China,SWA,23.552,116.5033,0,U,Asia/Shanghai
6203,Sumbawa Besar Airport,Indonesia,SWQ,-8.489040375,117.4120026,16,N,Asia/Makassar
7033,Strezhevoy Airport,Russia,SWT,60.70940018,77.66000366,164,N,Asia/Krasnoyarsk
2379,Suwon Airport,South Korea,SWU,37.23939896,127.0070038,88,U,Asia/Seoul
2112,Sirri Island Airport,Iran,SXI,25.90889931,54.53939819,43,E,Asia/Tehran
3112,Sheikh ul Alam Airport,India,SXR,33.98709869,74.77420044,5429,N,Asia/Calcutta
3149,Salem Airport,India,SXV,11.7833004,78.06559753,1008,N,Asia/Calcutta
7766,Syangboche Airport,Nepal,SYH,27.8112,86.7124,12400,N,Asia/Katmandu
2141,Sirjan Airport,Iran,SYJ,29.55089951,55.67269897,5846,E,Asia/Tehran
6377,Pu'er Simao Airport,China,SYM,22.793301,100.959,0,U,Asia/Shanghai
6001,Shonai Airport,Japan,SYO,38.81219864,139.7870026,86,U,Asia/Tokyo
7476,Saskylakh Airport,Russia,SYS,71.92790222,114.0800018,0,N,Asia/Yakutsk
5950,Sehwan Sharif Airport,Pakistan,SYW,26.47310066,67.71720123,121,N,Asia/Karachi
4030,Sanya Phoenix International Airport,China,SYX,18.30290031,109.4120026,92,U,Asia/Shanghai
2157,Shiraz Shahid Dastghaib International Airport,Iran,SYZ,29.53919983,52.58980179,4920,E,Asia/Tehran
3408,Sultan Abdul Aziz Shah International Airport,Malaysia,SZB,3.130579948,101.5490036,90,N,Asia/Kuala_Lumpur
9857,Suzhou Guangfu Airport,China,SZV,31.2631,120.401001,0,N,Asia/Shanghai
3374,Shenzhen Bao'an International Airport,China,SZX,22.63929939,113.810997,13,U,Asia/Shanghai
2422,Daniel Z. Romualdez Airport,Philippines,TAC,11.228035,125.027761,10,N,Asia/Manila
2381,Daegu Airport,South Korea,TAE,35.896872,128.65531,116,U,Asia/Seoul
3994,Tagbilaran Airport,Philippines,TAG,9.665442,123.853533,38,N,Asia/Manila
3975,Ta'izz International Airport,Yemen,TAI,13.68599987,44.13909912,4838,U,Asia/Aden
2337,Takamatsu Airport,Japan,TAK,34.21419907,134.0160065,607,U,Asia/Tokyo
3390,Liuting Airport,China,TAO,36.26610184,120.3740005,33,U,Asia/Shanghai
2983,Tashkent International Airport,Uzbekistan,TAS,41.25790024,69.28119659,1417,U,Asia/Samarkand
7565,Daşoguz Airport,Turkmenistan,TAZ,41.761101,59.826698,272,U,Asia/Ashgabat
4158,Dong Tac Airport,Vietnam,TBB,13.04959965,109.3339996,20,U,Asia/Saigon
6745,Tugdan Airport,Philippines,TBH,12.31099987,122.0849991,10,N,Asia/Manila
3973,Tbilisi International Airport,Georgia,TBS,41.6692009,44.95470047,1624,N,Asia/Tbilisi
2162,Tabriz International Airport,Iran,TBZ,38.13389969,46.23500061,4459,E,Asia/Tehran
6752,Tacheng Airport,China,TCG,46.67250061,83.34079742,0,U,Asia/Shanghai
2147,Tabas Airport,Iran,TCX,33.6678009,56.8927002,2312,E,Asia/Tehran
7862,Tengchong Tuofeng Airport,China,TCZ,24.93805556,98.48583333,6250,N,Asia/Shanghai
6017,Tandag Airport,Philippines,TDG,9.072110176,126.1709976,16,N,Asia/Manila
4135,Trat Airport,Thailand,TDX,12.27460003,102.3190002,105,U,Asia/Bangkok
6963,Tongren Fenghuang Airport,China,TEN,27.883333,109.308889,0,U,Asia/Shanghai
6175,Tezpur Airport,India,TEZ,26.70910072,92.78469849,240,N,Asia/Calcutta
3314,Tengah Air Base,Singapore,TGA,1.38725996,103.7089996,50,N,Asia/Singapore
3307,Sultan Mahmud Airport,Malaysia,TGG,5.382639885,103.1029968,21,N,Asia/Kuala_Lumpur
6348,Tongliao Airport,China,TGO,43.556702,122.199997,2395,U,Asia/Shanghai
8341,Podkamennaya Tunguska Airport,Russia,TGP,61.589699,89.994003,213,N,Asia/Krasnoyarsk
3237,Tachileik Airport,Burma,THL,20.48380089,99.93540192,1280,U,Asia/Rangoon
8889,Tianshui Maijishan Airport,China,THQ,34.55939865,105.8600006,3590,N,Asia/Shanghai
2131,Mehrabad International Airport,Iran,THR,35.68920135,51.31340027,3962,E,Asia/Tehran
3939,Sukhothai Airport,Thailand,THS,17.23800087,99.81819916,179,U,Asia/Bangkok
8340,Turukhansk Airport,Russia,THX,65.79720306,87.93530273,128,N,Asia/Krasnoyarsk
2090,Ta’if Regional Airport,Saudi Arabia,TIF,21.483001,40.543442,4848,U,Asia/Riyadh
7499,Tarin Kowt Airport,Afghanistan,TII,32.60419846,65.86579895,4429,U,Asia/Kabul
3243,Moses Kilangin Airport,Indonesia,TIM,-4.528279781,136.8869934,103,N,Asia/Jayapura
3151,Tirupati Airport,India,TIR,13.63249969,79.54329681,350,N,Asia/Calcutta
6210,Warukin Airport,Indonesia,TJG,-2.216559887,115.435997,197,N,Asia/Makassar
7549,Tajima Airport,Japan,TJH,35.51279831,134.7870026,584,U,Asia/Tokyo
4111,Roshchino International Airport,Russia,TJM,57.1896019,65.32430267,378,N,Asia/Yekaterinburg
3904,Buluh Tumbang (H A S Hanandjoeddin) Airport,Indonesia,TJQ,-2.74571991,107.7549973,164,N,Asia/Jakarta
6207,Tanjung Harapan Airport,Indonesia,TJS,2.835833333,117.3736111,10,N,Asia/Makassar
7563,Kulob Airport,Tajikistan,TJU,37.98809814,69.80500031,2293,U,Asia/Dushanbe
3150,Tanjore Air Force Base,India,TJV,10.72239971,79.10160065,253,N,Asia/Calcutta
6223,Radin Inten II (Branti) Airport,Indonesia,TKG,-5.240556,105.175556,282,N,Asia/Jakarta
3166,Takhli Airport,Thailand,TKH,15.27729988,100.2959976,107,U,Asia/Bangkok
2318,Tokunoshima Airport,Japan,TKN,27.83639908,128.8809967,17,U,Asia/Tokyo
2336,Tokushima Airport/JMSDF Air Base,Japan,TKS,34.132801,134.606995,26,U,Asia/Tokyo
9233,Tak Airport,Thailand,TKT,16.89599991,99.25330353,478,N,Asia/Bangkok
8926,Turpan Jiaohe Airport,China,TLQ,43.0308,89.0987,934,U,Asia/Shanghai
6204,Tambolaka Airport,Indonesia,TMC,-9.40972,119.244003,161,N,Asia/Makassar
6221,Tomanggong Airport,Malaysia,TMG,5.40257,118.65763,26,N,Asia/Kuala_Lumpur
4183,Tumling Tar Airport,Nepal,TMI,27.315001,87.193298,1700,N,Asia/Katmandu
6154,Termez Airport,Uzbekistan,TMJ,37.2867012,67.30999756,1027,U,Asia/Samarkand
4108,Yaoqiang Airport,China,TNA,36.85720062,117.2160034,76,U,Asia/Shanghai
2306,New Tanegashima Airport,Japan,TNE,30.60510063,130.9909973,768,U,Asia/Tokyo
9854,Tonghua Sanyuanpu Airport,China,TNH,42.25388889,125.7033333,1200,N,Asia/Shanghai
3113,Satna Airport,India,TNI,24.5623,80.854897,1060,N,Asia/Calcutta
3906,Raja Haji Fisabilillah International Airport,Indonesia,TNJ,0.922683001,104.5319977,52,N,Asia/Jakarta
2270,Tainan Airport,Taiwan,TNN,22.9503994,120.2060013,63,U,Asia/Taipei
3036,Stung Treng Airport,Cambodia,TNX,13.53190041,106.0149994,203,U,Asia/Phnom_Penh
3407,Pulau Tioman Airport,Malaysia,TOD,2.818180084,104.1600037,15,N,Asia/Kuala_Lumpur
4297,Bogashevo Airport,Russia,TOF,56.38029861,85.20829773,597,N,Asia/Krasnoyarsk
2324,Toyama Airport,Japan,TOY,36.64830017,137.1880035,95,U,Asia/Tokyo
2276,Taiwan Taoyuan International Airport,Taiwan,TPE,25.0777,121.233002,106,U,Asia/Taipei
4182,Taplejung Airport,Nepal,TPJ,27.3509,87.69525,7990,N,Asia/Katmandu
4138,Al Taqaddum Air Base,Iraq,TQD,33.33810043,43.5970993,275,U,Asia/Baghdad
9103,Maranggo Airport,Indonesia,TQQ,-5.764570236,123.9169998,169,N,Asia/Makassar
2393,Tarama Airport,Japan,TRA,24.65390015,124.6750031,36,U,Asia/Tokyo
3920,Juwata Airport,Indonesia,TRK,3.326667,117.569444,23,N,Asia/Makassar
3030,China Bay Airport,Sri Lanka,TRR,8.538510323,81.18190002,6,U,Asia/Colombo
3153,Trivandrum International Airport,India,TRV,8.48211956,76.92009735,15,N,Asia/Calcutta
3152,Tiruchirapally Civil Airport Airport,India,TRZ,10.76539993,78.70970154,288,N,Asia/Calcutta
2275,Taipei Songshan Airport,Taiwan,TSA,25.06940079,121.552002,18,U,Asia/Taipei
2910,Astana International Airport,Kazakhstan,TSE,51.02220154,71.46690369,1165,U,Asia/Qyzylorda
2297,Tsushima Airport,Japan,TSJ,34.28490067,129.3309937,213,U,Asia/Tokyo
3368,Tianjin Binhai International Airport,China,TSN,39.12440109,117.3460007,10,U,Asia/Shanghai
3182,Trang Airport,Thailand,TST,7.508739948,99.61660004,67,U,Asia/Bangkok
3922,Tanjung Santan Airport,Indonesia,TSX,-0.092973001,117.4530029,121,N,Asia/Makassar
3892,Cibeureum Airport,Indonesia,TSY,-7.346600056,108.2460022,1148,N,Asia/Jakarta
3253,Sultan Khairun Babullah Airport,Indonesia,TTE,0.831413984,127.3809967,49,N,Asia/Jayapura
2196,Thumrait Air Base,Oman,TTH,17.66600037,54.02460098,1570,U,Asia/Muscat
2335,Tottori Airport,Japan,TTJ,35.53010178,134.1670074,65,U,Asia/Tokyo
3889,Pongtiku Airport,Indonesia,TTR,-3.044739962,119.8219986,2884,N,Asia/Makassar
2262,Taitung Airport,Taiwan,TTT,22.75499916,121.1019974,143,U,Asia/Taipei
6021,Tuguegarao Airport,Philippines,TUG,17.64336768,121.7331505,70,N,Asia/Manila
2093,Turaif Domestic Airport,Saudi Arabia,TUI,31.692188,38.731544,2803,U,Asia/Riyadh
5951,Turbat International Airport,Pakistan,TUK,25.9864006,63.03020096,498,N,Asia/Karachi
2089,Tabuk Airport,Saudi Arabia,TUU,28.3654,36.6189,2551,U,Asia/Riyadh
6197,Dawei Airport,Burma,TVY,14.10389996,98.20359802,84,U,Asia/Rangoon
6014,Sanga Sanga Airport,Philippines,TWT,5.046991,119.742996,15,N,Asia/Manila
3271,Tawau Airport,Malaysia,TWU,4.320159912,118.1279984,57,N,Asia/Kuala_Lumpur
8055,Taichung Airport,Taiwan,TXG,24.18630028,120.6539993,369,N,Asia/Taipei
6387,Tunxi International Airport,China,TXN,29.73329926,118.2559967,0,U,Asia/Shanghai
3369,Taiyuan Wusu Airport,China,TYN,37.74689865,112.6279984,2575,U,Asia/Shanghai
3309,Suai Airport,East Timor,UAI,-9.303310394,125.2870026,96,U,Asia/Dili
2296,Yamaguchi Ube Airport,Japan,UBJ,33.93000031,131.279007,23,U,Asia/Tokyo
3937,Ubon Ratchathani Airport,Thailand,UBP,15.25129986,104.8700027,406,U,Asia/Bangkok
3023,Maharana Pratap Airport,India,UDR,24.61770058,73.89610291,1684,N,Asia/Calcutta
2388,Kumejima Airport,Japan,UEO,26.3635006,126.7139969,23,U,Asia/Tokyo
2221,Quetta International Airport,Pakistan,UET,30.25139999,66.93779755,5267,N,Asia/Karachi
2992,Ufa International Airport,Russia,UFA,54.55749893,55.87440109,449,N,Asia/Yekaterinburg
7557,Bulgan Airport,Mongolia,UGA,48.85499954,103.4759979,4311,U,Asia/Ulaanbaatar
6152,Urgench Airport,Uzbekistan,UGC,41.58430099,60.64170074,320,U,Asia/Samarkand
6193,Phu Cat Airport,Vietnam,UIH,13.955,109.042,80,U,Asia/Saigon
4333,Ust-Ilimsk Airport,Russia,UIK,58.13610077,102.5650024,1339,N,Asia/Irkutsk
3943,Kobe Airport,Japan,UKB,34.63280106,135.223999,22,U,Asia/Tokyo
6086,Ust-Kamennogorsk Airport,Kazakhstan,UKK,50.03659821,82.49420166,939,U,Asia/Qyzylorda
6924,Ust-Kut Airport,Russia,UKX,56.8567009,105.7300034,2188,N,Asia/Irkutsk
7470,Ulgii Mongolei Airport,Mongolia,ULG,48.99330139,89.92250061,5732,U,Asia/Hovd
8381,Majeed Bin Abdulaziz Airport,Saudi Arabia,ULH,26.48,38.12888889,2050,N,Asia/Riyadh
9026,Lensk Airport,Russia,ULK,60.72060013,114.8259964,801,N,Asia/Yakutsk
3380,Chinggis Khaan International Airport,Mongolia,ULN,47.843102,106.766998,4364,U,Asia/Ulaanbaatar
7558,Ulaangom Airport,Mongolia,ULO,50.066588,91.938273,0,U,Asia/Hovd
7556,Donoi Airport,Mongolia,ULZ,47.7093,96.5258,5800,U,Asia/Ulaanbaatar
9376,Ust-Maya Airport,Russia,UMS,60.35699844,134.4349976,561,N,Asia/Yakutsk
2056,Konduz Airport,Afghanistan,UND,36.6651001,68.91079712,1457,U,Asia/Kabul
3180,Ranong Airport,Thailand,UNN,9.777620316,98.58550262,57,U,Asia/Bangkok
3240,Hasanuddin International Airport,Indonesia,UPG,-5.061629772,119.5540009,47,N,Asia/Makassar
2916,Uralsk Airport,Kazakhstan,URA,51.1507988,51.54309845,125,U,Asia/Oral
3399,Ürümqi Diwopu International Airport,China,URC,43.90710068,87.47419739,2125,U,Asia/Shanghai
4377,Uray Airport,Russia,URJ,60.10329819,64.8266983,190,N,Asia/Yekaterinburg
4000,Surat Thani Airport,Thailand,URT,9.132599831,99.13559723,20,U,Asia/Bangkok
2068,Gurayat Domestic Airport,Saudi Arabia,URY,31.412413,37.278898,1672,U,Asia/Riyadh
3177,Samui Airport,Thailand,USM,9.547789574,100.0619965,64,U,Asia/Bangkok
2374,Ulsan Airport,South Korea,USN,35.59349823,129.352005,45,U,Asia/Seoul
8866,Ust-Nera Airport,Russia,USR,64.55000305,143.1150055,1805,N,Asia/Vladivostok
4199,Francisco B. Reyes Airport,Philippines,USU,12.12150002,120.0999985,148,N,Asia/Manila
3183,Udon Thani Airport,Thailand,UTH,17.38640022,102.788002,579,U,Asia/Bangkok
3161,U-Tapao International Airport,Thailand,UTP,12.67990017,101.0049973,42,U,Asia/Bangkok
2938,Ulan-Ude Airport (Mukhino),Russia,UUD,51.80780029,107.4380035,1690,N,Asia/Irkutsk
2933,Yuzhno-Sakhalinsk Airport,Russia,UUS,46.88869858,142.7180023,59,N,Asia/Srednekolymsk
6368,Yulin Yuyang Airport,China,UYN,38.35971,109.590927,0,U,Asia/Shanghai
3207,Ann Airport,Burma,VBA,19.769199,94.0261,74,U,Asia/Rangoon
6952,Bokpyinn Airport,Burma,VBP,11.1494,98.735901,100,U,Asia/Rangoon
6191,Can Tho International Airport,Vietnam,VCA,10.08510017,105.711998,9,U,Asia/Saigon
4157,Chu Lai International Airport,Vietnam,VCL,15.40330029,108.7060013,10,U,Asia/Saigon
6190,Co Ong Airport,Vietnam,VCS,8.73183,106.633003,20,U,Asia/Saigon
1602,Ovda International Airport,Israel,VDA,29.94029999,34.93579865,1492,E,Asia/Jerusalem
4154,Dong Hoi Airport,Vietnam,VDH,17.515,106.590556,59,U,Asia/Saigon
3134,Vijayawada Airport,India,VGA,16.53039932,80.79679871,82,N,Asia/Calcutta
6195,Vinh Airport,Vietnam,VII,18.73760033,105.6709976,23,U,Asia/Saigon
4155,Rach Gia Airport,Vietnam,VKG,9.958029972,105.1323795,7,U,Asia/Saigon
8684,Saravane Airport,Laos,VNA,15.70943921,106.4106989,574,U,Asia/Vientiane
3084,Lal Bahadur Shastri Airport,India,VNS,25.45240021,82.85929871,266,N,Asia/Calcutta
6022,Virac Airport,Philippines,VRC,13.5763998,124.2060013,121,N,Asia/Manila
3120,Wattay International Airport,Laos,VTE,17.98830032,102.5630035,564,U,Asia/Vientiane
1601,Nevatim Air Base,Israel,VTM,31.20829964,35.01229858,1330,E,Asia/Jerusalem
3066,Vishakhapatnam Airport,India,VTZ,17.72120094,83.22450256,15,N,Asia/Calcutta
2934,Vladivostok International Airport,Russia,VVO,43.39899826,132.147995,46,N,Asia/Vladivostok
5926,Wadi Al Dawasir Airport,Saudi Arabia,WAE,20.50429916,45.19960022,2062,U,Asia/Riyadh
2232,Wana Airport,Pakistan,WAF,32.30469894,69.57039642,4550,N,Asia/Karachi
9397,Waris Airport,Indonesia,WAR,-3.235,140.994,1500,U,Asia/Jayapura
6388,Weifang Airport,China,WEF,36.646702,119.119003,0,U,Asia/Shanghai
6389,Weihai Airport,China,WEH,37.18709946,122.2289963,145,U,Asia/Shanghai
3927,Umbu Mehang Kunda Airport,Indonesia,WGP,-9.66922,120.302002,33,N,Asia/Makassar
6005,Wonju/Hoengseong Air Base (K-38/K-46),South Korea,WJU,37.441201,127.963858,329,U,Asia/Seoul
2294,Wakkanai Airport,Japan,WKJ,45.40420151,141.8009949,30,U,Asia/Tokyo
3245,Wamena Airport,Indonesia,WMX,-4.10251,138.957001,5085,N,Asia/Jayapura
6018,Naga Airport,Philippines,WNP,13.5848999,123.2699966,142,N,Asia/Manila
2215,Shaheed Benazirabad Airport,Pakistan,WNS,26.2194,68.390099,95,N,Asia/Karachi
6392,Wenzhou Longwan International Airport,China,WNZ,27.912201,120.851997,0,U,Asia/Shanghai
2277,Wang-an Airport,Taiwan,WOT,23.36737251,119.5027771,115,U,Asia/Taipei
6170,Weerawila Airport,Sri Lanka,WRZ,6.254489899,81.23519897,50,U,Asia/Colombo
9873,Wasior Airport,Indonesia,WSR,-2.721,134.5061,49,N,Asia/Jayapura
6955,Wuhai Airport,China,WUA,39.7934,106.7993,3650,U,Asia/Shanghai
3376,Wuhan Tianhe International Airport,China,WUH,30.7838,114.208,113,U,Asia/Shanghai
6391,Nanping Wuyishan Airport,China,WUS,27.7019,118.000999,614,U,Asia/Shanghai
6390,Sunan Shuofang International Airport,China,WUX,31.49440002,120.4290009,24,U,Asia/Shanghai
6744,Wuzhou Changzhoudao Airport,China,WUZ,23.456699,111.248001,89,U,Asia/Shanghai
6403,Wanxian Airport,China,WXN,30.8017,108.433,0,U,Asia/Shanghai
2142,Birjand Airport,Iran,XBJ,32.89810181,59.26610184,4952,E,Asia/Tehran
6360,Xiangyang Liuji Airport,China,XFN,32.1506,112.291,0,U,Asia/Shanghai
3396,Xichang Qingshan Airport,China,XIC,27.9890995,102.1839981,5112,U,Asia/Shanghai
6350,Xilinhot Airport,China,XIL,43.91559982,115.9639969,0,U,Asia/Shanghai
3379,Xi'an Xianyang International Airport,China,XIY,34.447102,108.751999,1572,U,Asia/Shanghai
6833,Al Udeid Air Base,Qatar,XJD,25.11730003,51.31499863,130,N,Asia/Qatar
2209,Mangla Airport,Pakistan,XJM,33.05009842,73.63839722,902,N,Asia/Karachi
4081,Xieng Khouang Airport,Laos,XKH,19.450001,103.157997,3445,U,Asia/Vientiane
3383,Xiamen Gaoqi International Airport,China,XMN,24.54400063,118.1279984,59,U,Asia/Shanghai
6366,Xining Caojiabu Airport,China,XNN,36.5275,102.042999,7119,U,Asia/Shanghai
4139,Joint Base Balad,Iraq,XQC,33.94020081,44.36159897,161,U,Asia/Baghdad
8961,Sir Bani Yas Airport,United Arab Emirates,XSB,24.283611,52.580278,25,U,Asia/Dubai
3315,Seletar Airport,Singapore,XSP,1.416949987,103.8679962,36,N,Asia/Singapore
4149,Xuzhou Guanyin Airport,China,XUZ,34.059056,117.555278,0,U,Asia/Shanghai
8069,Ye Airport,Burma,XYE,15.30000019,97.86699677,30,U,Asia/Rangoon
4110,Yibin Caiba Airport,China,YBP,28.80055556,104.545,924,U,Asia/Shanghai
6430,Yuncheng Guangong Airport,China,YCU,35.116391,111.0313889,1242,N,Asia/Shanghai
2383,Yecheon Airbase,South Korea,YEC,36.630373,128.34971,354,U,Asia/Seoul
7547,Yasouj Airport,Iran,YES,30.70050049,51.54510117,5939,U,Asia/Tehran
2330,Miho Yonago Airport,Japan,YGJ,35.49219894,133.2359924,20,U,Asia/Tokyo
9107,Yichun Mingyueshan Airport,China,YIC,27.8025,114.3062,430,U,Asia/Shanghai
6361,Yichang Sanxia Airport,China,YIH,30.55655,111.479988,673,U,Asia/Shanghai
6409,Yining Airport,China,YIN,43.955799,81.330299,0,U,Asia/Shanghai
6394,Yiwu Airport,China,YIW,29.34469986,120.0319977,262,U,Asia/Shanghai
2923,Yakutsk Airport,Russia,YKS,62.09329987,129.7709961,325,N,Asia/Yakutsk
2096,Prince Abdulmohsin Bin Abdulaziz Airport,Saudi Arabia,YNB,24.144199,38.0634,26,U,Asia/Riyadh
6414,Yanji Chaoyangchuan Airport,China,YNJ,42.88280106,129.451004,624,U,Asia/Shanghai
3392,Yantai Laishan Airport,China,YNT,37.40169907,121.3720016,59,U,Asia/Shanghai
6006,Yangyang International Airport,South Korea,YNY,38.061298,128.669006,241,U,Asia/Seoul
6393,Yancheng Airport,China,YNZ,33.425833,120.203056,0,U,Asia/Shanghai
8876,Yangzhou Taizhou Airport,China,YTY,32.5634,119.7198,7,N,Asia/Shanghai
7894,Yushu Batang Airport,China,YUS,32.83638889,97.03638889,12816,U,Asia/Shanghai
9770,Zhangye Ganzhou Airport,China,YZY,38.80189896,100.6750031,5280,N,Asia/Shanghai
2167,Zahedan International Airport,Iran,ZAH,29.47570038,60.90620041,4564,E,Asia/Tehran
7500,Zaranj Airport,Afghanistan,ZAJ,30.972222,61.865833,1572,U,Asia/Kabul
2404,Zamboanga International Airport,Philippines,ZAM,6.922420025,122.0599976,33,N,Asia/Manila
6378,Zhaotong Airport,China,ZAT,27.32559967,103.7549973,0,U,Asia/Shanghai
2166,Konarak Airport,Iran,ZBR,25.44330025,60.38209915,43,E,Asia/Tehran
3067,Ziro Airport,India,ZER,27.588301,93.828102,5403,N,Asia/Calcutta
6357,Zhanjiang Airport,China,ZHA,21.214399,110.358002,125,U,Asia/Shanghai
8043,Zhongwei Shapotou Airport,China,ZHY,37.573125,105.154454,8202,N,Asia/Shanghai
9373,Zyryanka Airport,Russia,ZKP,65.7485,150.8889,140,N,Asia/Srednekolymsk
8776,Zaqatala International Airport,Azerbaijan,ZTU,41.562222,46.667221,1279,E,Asia/Baku
6355,Zhuhai Jinwan Airport,China,ZUH,22.006399,113.375999,23,U,Asia/Shanghai
3118,Savannakhet Airport,Laos,ZVK,16.55660057,104.7600021,509,U,Asia/Vientiane
9846,Zunyi Xinzhou Airport,China,ZYI,27.5895,107.0007,2920,N,Asia/Shanghai
3074,Osmany International Airport,Bangladesh,ZYL,24.96319962,91.8667984,50,U,Asia/Dhaka
